Document_No,Dominant_Topic,Topic_Perc_Contrib,Keywords,Text
0,4.0,0.9731000065803528,"엔진, 미국, 현대차, 벨로스터, 모델, 화재, 문제, 차량, 결함, 기아차","['자율주행·커넥티비티', '연구소장獨부품사', '콘티넨탈', '출신', '임명', '현대모비스', '자율주행', '기술', '혁신', '인사', '순혈주의', '외국인', '연구센터장', '자리', '발탁', '확인', '인사·연구개발RD·조직', '분야', '과감', '혁신', '추진', '정의선', '현대자동차', '수석부회장', '오픈', '이노베이션개방형', '혁신', '계열사', '확산', '평가', '31일', '현대차그룹', '현대모비스', '자율주행', '기술', '개발', '담당', '정보통신기술ICT', '연구소', '올해', '초', '전기전자기술연구소', '확대', '개편', '연구소', '내', '초대', '자율주행개발센터장', '그레고리', '바라토프', '상무사진', '시스템개발센터장', '카르스텐', '바이스', '상무', '전격', '배치', '그룹', '관계자', '자율주행', '기술', '고도화하기', '현대모비스', '창립', '처음', '외국인', '양대', '센터장', '자리', '발탁', '결정', '혁신적', '연구', '성과', '도출', '순혈주', '인사', '혁파하겠다', '수석부회장', '인사', '혁신', '기조', '말', '바라토프', '신', '센터장', '세계적', '전장', '기업', '독', '콘티넨탈', '카메라', '센서', '개발', '총괄', '인물', '2017년', '현대모비스', '전격', '영입', '현대모비스', '지난해', '상반기', '콘티넨탈', '인포테인먼트·커넥티비티', '소프트웨어', '전문가', '활약', '바이스', '박사', '영입', '데', '성공', '자율주행·커넥티비티', '분야', '세계적', '인재', '확보', '성공', '현대모비스', '올해', '초', '양대', '연구센터', '전면', '배치', '연구', '성', '조', '확보', '총력', '실제', '회사', '기자간담회', '올해', '말', '차량', '보행자', '도로지형지물', '인식하', '영상', '식', '인공지능AI', '기술', '국내', '최초', '완성', '3년', '뒤', '양산', '예정', '자율주행차', '적용', '계획', '기술', '2022년', '양산', '자율주행차', '카메라', '센서', '적용', '예정', '바라토프', '센터장', '지휘', '기술', '분야', '연구소', '확대', '개편', '현대모비스', '국내', '객체', '식', '업체', '스트라드비젼', '중국', '얼굴', '식', '업체', '딥글린트', '혁신', '스타트업', '지분투자', '단행', '오픈', '이노베이션', '전략', '강화', '회사', '러시아', '최대', '인터넷', '기업', '얀덱스', '내년', '로보택시', '플랫폼', '공동', '개발', '협업', '진행']"
1,1.0,0.9990000128746033,"현대카드, 포인트, 디자인, 혜택, 카드, 사용, 제공, 서비스, 차량, 구매","['5월', '24', '현대카드', '이날', '코스트코코리아이하', '코스트코', '중요', '변화', '시작', '1998년', '한국', '진출', '뒤', '삼성카드', '파트너십', '유', '코스트코', '5월', '23일부', '삼성카드', '파트너십', '종료', '파트너', '현대카드', '현대카드', '카드사들', '결', '혜택', '서비스', '선사', '유명', '현대카드', '코스트코', '회원들', '현대카드', '대표적', '혜택', '특징', '소개', '28일', '◇650만', '고객', '선택', '포인트현대카드', '포인트', '국내', '활발', '사용', '신용카드', '포인트', '현대카드M', '계열', '카드', '프리미엄', '카드', '사용', '적립', '포인트', '사용처', '이용실적', '결제금액', '0', '54', '적립', '포인트', '자동차', '구매', '외식', '쇼핑', '문화레저', '다양한', '영역', '3만7000', '가맹점', '사용', '가능', '포인트', '적립율', '다양한', '사용처', '바탕', '포인트', '이용', '고객', '약', '650', '명', '연간', '포인트', '사용률연간', '포인트', '사용액포인트', '적립액', '94', '육박', '포인트', '사용처', '세부적', '차량', '관련', '혜택', '눈', '현대·기아차', '구매', '경우', '5년', '최대', '200', '원1원1M포인트까지', '차량', '구매대금', '결제', '포인트', '사용', '현대·기아차', '차량', '정비', '주유GS칼텍스', '시', '활용', '가능', '일상생활', '속', '사용처', '다양', '현대카드', '빕스', '투썸플레이스', '파리바게뜨', '25개', '외식', '카페', '베이커', '브랜드', '이용금액', '2030', '포인트', '결제', '서비스', '제공', '이마트', '신라면세점', '26개', '편의쇼핑', '영역', '최고', '20', '결제', '혜택', '국내', '주요', '놀이공원', '워터파크', '호텔', '극장', '보험금융', '가맹점', '최고', '50', '다채로운', '포인트', '이용', '혜택', '포인트', '기프트카드', '항공마', '리', '제휴사', '상품권할인권', '교환', '활용', '자선단체', '기부', '가능', '경우', '별도', '교환률', '적용', '현대카드', '상시', '사용처', '이외', '시기적', '특성', '반영해', '다양한', '특화', '혜택', '제공', '포인트', '이벤트', '진행', '중', '◇강력하', '다양', '자동차', '구매', '혜택', '차', '계획', '코스트코', '고객', '현대카드', '차량구매', '혜택', '주목', '현대카드', '현대자동차그룹', '소속사', '현대·기아차', '경제적', '구매', '다양한', '혜택', '제공', '때문', '5년', '최대', '200', '원', '적립', '포인트', '차량', '구매대금', '결제할', '포인트', '부족', '세이브오토', '프로그램', '포인트', '지급', '차량', '구매', '활용도', '가능', '프로그램', '이용', '차종', '최대', '50', '원', '포인트', '지급', '사용', '36개월', '안', '카드', '사용', '적립', '포인트', '상환', '차량', '구매', '결제', '시', '적립', '포인트', '10', '포인트', '일시', '상환', '가능', '상환', '포인트', '적립율', '기본', '1', '5', '포인트', '상환', '부담', '2년', '안', '차', '확실', '계획', '사람', '신차구매통장', '프로그램', '활용', '프로그램', '신청', '보유', '포인트', '2', '연간', '최대', '24', '포인트', '40', '포인트', '보유', '회원', '카드', '사용', '평균', '2', '포인트', '적립', '경우', '서비스', '신청', '달', '42', '포인트', '2', '8400포인트', '달', '44만점', '2', '8800포인트', '적립', '신차구매통장', '포인트', '현대·기아차', '신차', '구매', '사용', '차량', '구매', '유지관리', '재구', '다양', '혜택', '누리', '현대·기아차', '전용카드', '추천', '전용카드', '차종', '현대블루멤버스카드', '기아레드멤버스카드', '기아레드멤버스', '경차전용카드', '차', '전용카드', '결제하', '최대', '2', '포인트', '0', '6', '블루멤버스포인트', '적립', '차', '동', '한', '혜택', '적립', '두', '포인트', '차량', '구매', '시', '활용', '가능', '밖', '차량', '정비', '주유', '시', '할', '포인트', '사용', '혜택', '제공', '◇말뿐', '손안', '디지털', '현대카드Digital', '현대카드', '선언', '디지털', '기업', '근본적', '변신', '현대카드', '디지털', '서비스', '측면', '기업들', '분명', '차별화', '핵심', '실용성', '현대카드', '고객', '사용', '효용', '체감', '손안', '디지털', '표방', '현대카드', '첫', '서비스', '락Lock', '리밋Limit이다', '락', '고객', '현대카드', '앱', '카드', '사용처', '자유', '설정', '서비스', '온오프라', '결제', '현금서비스', '제한', '안전', '카드', '생활', '리밋', '카드', '사용금액', '한도', '설정', '서비스', '계획적', '카드', '사용', '도움', '신용카드', '전', '편리', '사용', '가상카드번호', '페이샷Payshot', '서비스', '이용', '가상카드번호', '카드', '정보', '유출', '대비해', '실제', '카드번호', '대', '고객', '별도', '생성', '가상', '카드번호', '사용', '서비스', '페이샷', '활용', '현대카드', '제휴', '16개', '주요', '온라인', '쇼핑몰', '쇼핑몰', '로그인만', '별도', '카드', '정보', '입력', '간편결제서비스', '사용', '고객들', '장', '카드', '장', '카드', '혜택', '이용', '현대카드', '카멜레온', '실시간', '상담서비스', '제공', '중', '인공지능AI', '챗봇', '현대카드', '버디Buddy', '활용', '은행', '110', '수준', '수수료', '간편', '외화', '송금', '현대카드', '해외송금', '서비스', '가족', '해외', '고객들', '중심', '인기', '◇현대카드', '회원만', '문화특권', '대한민국', '문화마케팅', '지형', '평', '현대카드', '문화마케팅', '역량', '정평', '세계적', '뮤지션', '내한공연', '소문', '현대카드', '문의', '쇄도', '정도', '2007년', '시작', '현대카드', '슈퍼콘서트', '팝', '전설', '비틀즈', '폴', '매카트니', '필두', '콜드플레이', '비욘세', '에미넴', '국내', '음악팬들', '세계적', '뮤지션들', '무대', '지속적', '우리나라', '대표', '공연', '브랜드', '자리', '현대카드', '만족', '현대카드', '컬처프로젝트', '연극', '미술', '무용', '축', '다양한', '분야', '활동', '영역', '확대', '현대카드', '인기', '문화', '이벤트', '개최', '현대카드', '소지자들', '2030', '할', '혜택', '제공', '현대카드', '고객', '입장', '상품', '탑재', '혜택', '수시', '진행', '문화', '이벤트', '할', '서비스', '사실상', '11', '혜택', '현대카드', '회원', '특별', '문화공간', '주목', '분주한', '일상', '책', '여유', '감성', '충전', '곳', '현대카드', '라이브러리', '2013년', '디지털', '현대카드', '아날로그적', '몰입', '영감', '추구', '디자인', '라이브러리', '이후', '트래블', '라이브러리', '라이브러리', '자체', '개념', '여행지', '변화', '뮤직', '라이브러리', '바이닐LP', '음악', '경험', '방식', '제안', '아날로그', '경험', '폭', '청각', '확장', '나중', '문', '쿠킹', '라이브러리', '음식', '요리', '책', '음식', '요리', '총체적', '경험', '공간', '인기', '현대카드', '회원', '라이브러리', '무료', '출입', '◇남다른', '라이프스타일', '선사합니다현대카드', '카드업계', '차별화', '마케팅', '주목', '기업', '라이프스타일', '적극적', '호평', '대표적', '현대카드', '고메위크다', '2006년', '첫', '선', '현대카드', '고메위크', '1주', '간', '플래티넘', '회원들', '국내', '유명', '레스토랑', '대표', '메뉴', '반값', '기회', '제공', '평소', '가격', '부담', '만만치', '프리미엄', '레스토랑', '식사', '경제적', '소식', '고객들', '이벤트', '참가', '시작', '현재', '회당', '명', '참가', '우리나라', '대표', '레스토랑', '이벤트', '자리', '현대카드', '고메위크', '호텔스테이', '일반화', '트렌드', '최고급', '5성급', '호텔', '하루', '40', '할인', '가격', '현대카드', '호텔위크', '프로그램', '운영', '중', '외식', '이벤트', '국내', '최정상', '셰프', '레스토랑', '최상', '미식', '제공', '현대카드', '파인다이닝위크', '확대', '진화', '현대카드', '일상', '한층', '업그레이드', '현대카드', '플래티넘', '회원들', '엄선', '고메', '패션', '호텔', '레저', '영역', '차별화', '클럽서비스', '제공', '현대카드', '서울', '부산', '핫플레이스', '위치한', '150', '개', '프리미엄', '레스토랑', '비롯', '남성', '편집', '매장', '전문', '테일러샵', '상시', '할', '혜택', '제공', '국내', '주요', '특급', '호텔', '객실', '특별', '우대', '음식', '음료', '서비스', '제공', '여행', '코스트코', '고객', '현대카드', '프리비아', '다채로운', '항공권', '여행상품', '할', '혜택', '◇플레이트부터', '디자인', '현대카드2000년대', '초반', '현대카드', '파격적', '디자인', '전', '디자인', '주목', '국내', '카드사', '재질', '골드카드', '금색', '실버카드', '은색', '현대카드', '천편일률적', '카드', '디자인', '혁신', '기운', '카드', '재질', '고정관념', '미니카드', '투명카드', '카드', '옆면', '색깔', '지갑', '눈길', '일반적', '플라스틱', '플레이트', '탈피', '티타늄', '리퀴드', '메탈', '코팔', '신소재', '금속', '플레이트', '현대카드', '파격', '층', '중심', '현대카드', '디자인', '마니아들', '시작', '디자인', '마음', '현대카드', '선택', '현대카드', '파격적', '세로형', '플레이트', '구성', '일반적', '가로형', '대', '스마트폰', '태블릿처럼', '세로형', '디스플레이', '방식', '주류', '디지털', '시대', '전면', '세로형', '디자인', '적용', '중', '일부', '상품', '부분적', '세로형', '디자인', '적용', '사례', '전체', '상품', '세', '디자인', '전면', '적용', '전', '세계', '최초', '프리미엄', '상품들', '세로형', '플레이트', '카드번호', '제휴사', '로고', '카드정보', '뒷면', '배치', '앞면', '고유', '상품', '컬러', '단색', '강렬', '적용', '현대카드', '대표', '상품', '라인', '현대카드M', '계열', '카드', '경쾌', '이지적', '블루', '톤', '현대카드X', '계열', '카드', '블루', '대비', '오렌지', '컬러', '적용', '디지털', '시대', '힙한', '감성', '표출']"
2,1.0,0.9957000017166138,"현대카드, 포인트, 디자인, 혜택, 카드, 사용, 제공, 서비스, 차량, 구매","['올해', '밀라노', '디자인', '위크', '스타', '프리Style', '주제', '전시관', '운영', '스타', '프리', '1월', '미국', '라스베이거스', '세계', '최대', '소비자', '가전전시회', '2019', '발표', '현대차', '고객', '경험UX', '방향성', '디자인', '철학', '고객', '라이프', '스타일', '공간', '하드웨어', '콘텐트', '자유', '구성', '스타', '프리', '기본', '개념', '조원홍', '현대차', '고객경험본부장', '“이번', '밀라노', '디자인', '위크', '자동차', '개인', '거주공간', '것”', '말', '현대자동차', '내달', '열리', '밀라노', '디자인', '위크', '고객경험', '방향성UX', '스타', '프리', '주제', '전시', '사진', '현대자동차', '전시관', '조감도', '현대자동차', '박람회', '기간', '현대차', '영국', '라이프스타', '매거진', '모노클', '컬래버레이션해', '전시관', '운영', '이상엽', '현대차디자인센터장', '브륄레', '모노클', '편집장', '네덜란드', '축', '마스', '패널', '토론', '삼성전자', '밀라노', '디자인', '위크', '19일', '재해석해', '공개', '자사', '디자인', '철학', 'Soul대담하라', '영혼', '교감', '주제', '전시', '삼성전자', '디자인', '철학', '재해석', '거', '1996년', '이후', '23년', '만', '기존', '사용자', '출발', '미래', '디자인', '철학', '표방', '디자인', '경영', '중시', '삼성전자', '밀라노', '디자인', '위크', '참석', '삼성전자', '19일', '공개한', '디자인', '철학', 'Soul대담하라', '영혼', '교감', '삼성전자', '올해', '밀라노', '디자인', '위크', '기반', '다양한', '활동', '삼성전자', '디자인', '홈페이지', '캡처', '2005년', '이건희', '회장', '밀라노', '디자인', '위크', '참석', '디자인', '혁명', '강조', '밀라노', '선언', '뒤', '삼성전자', '디자인경영센터', '제품', '디자인과', '사용자', '경험', '공', '국내', '제조업체들', '밀라노', '디자인', '워크', '참가', '물꼬', '삼성전자', '제조업체들', '밀라노', '디자인', '박람회', '공', '거', '개성', '중시', '밀레니얼', '세대', '사용자', '경험', '취향', '트렌드', '감', '구매력', '기업', '미래', '의미', '현대차', '관계자', '“올해', '스타', '프리', '사용자', '경험', '방향성', '제시', '세계', '최대', '디자인', '박람회', '현대차', '철학', '기회', '것”', '말']"
3,10.0,0.9970999956130981,"차량, 엔진, 미국, 현대차, 자동차, 화재, 리콜, 벨로스터, 현대카드, 현대·기아차","['지속', '가능', '지능화', '이동', '혁명', '주제', '2019', '서울모터쇼', '경기', '일산', '킨텍스', '4월', '7일', '개최', '28일', '프레스', '데이', '시작', '개막', '서울모터쇼', '완성차', '업체들', '신차', '공개', '뿐', '국내', '중소', '자동차', '관련', '업체들', '신기술', '공개', '자리', '마련', '2019', '서울', '모터쇼', '오토메이커스', '월드', '서스테이너블', '월드', '커넥티드', '월드', '모빌리티', '월드', '오토파츠', '월드', '7개', '테마관', '구성', '오토파츠', '월드', '참가', '국내', '중소', '자동차', '용품', '개조', '업체들', '독자적', '기술력', '관람객들', '시선', '국내', '업체들', '기술', '개발', '키워드', '친환경이었다', '업체들', '친환경차', '탑재', '용품들', '개발', '노력', '결과물들', '모터쇼', '현대·기아자동차', '1차', '협력사', '명화공업', '엔진용', '오일펌프', '워터펌프', '자동변속기', '생산', '회사', '친환경차', '발전', '전동식', '워터펌프', '국내', '최초', '독자', '개발', '전동식', '워터펌프', '수소전기차', '전기차', '내연기관', '차량', '적용', '가능', '연비', '효율', '역할', '코리아하이테크', '국내', '최초', '친환경', '농업용', '동력운반차', '힘쎈1', '공식', '출시', '힘쎈1', '농기계', '농업용', '운반', '전기차', '코리아하이테크', '연기', '논밭', '과거', '경운기', '친환경', '농기구', '운반', '전기차', '농촌', '풍경', '코리아하이테크', '관계자', '지난해', '인증', '농업용', '전기차', '본격적', '출시', '조작', '가능', '안전성', '확보', '유지비', '저렴한', '차량', '소개', '코리아하이테크', '농업용', '운반', '전기차', '힘쎈1친환경', '대체연료', '솔루션', '업체', '로턴', '차량', '튜닝', '전문', '업체', '박홍준', '로턴', '대표이사', '기존', '가솔린', '디젤', '차량', '차량', '튜닝하는데', '자동차', '구조적', '변경', '최소', '로턴만', '기술력', '소개', '직분사', '시스템', '기존', '가솔린', '직분사', '엔진GDI', '직접분사', '방식', '동일', '사용', '액체', '연소실', '분사', '방식', '튜닝하', '가솔린', '유사한', '출력', '유', '배출가스', '저감효과', '설명', '가솔린', '겸용', '사용', '주행중', '자유', '연료', '주행', '장점', '정부', '규제', '완화', '자동차', '시장', '바람', '로턴', '기술력', '주목', '자동차', '전용', '배터리', '냉각액', '생산', '극동제연', '모터쇼', '참가', '극동제연', '국내', '유', '수소전기차', '전용', '연료전지', '냉각액', '생산', '업체', '2005년', '현대·기아차', '수소전기차', '전용', '냉각액', '공동개발', '시작', '현대자동차', '수소전기차', '투싼ix', '양산', '넥쏘', '냉각액', '공급', '모터쇼', '자율주행', '카셰어링', '자동차', '관련', '어플리케이션', '기업들', '관람객들', '관심', '모빌테크', '3D', '카메라', '라', '센서', '정밀', '지', '데이터', '축적', '기술', '보유', '업체', '모빌테크', '개발', '시맨틱', '엔진', '인공지능', '기반', '데이터', '추출', '시스템', '카메라', '스캔', '3D', '데이터', '딥러닝', '다양', '물체', '구분', '도', '정보', '인식', '자율주행', '정밀', '지', '제작', '필요', '기술', '자동차', '서비스', '플랫폼', '차봇', '어플리케이션', '플랫폼', '최적화', '자동차', '보험', '상품', '키오스크', '미디어', '모빌리티', '모바', '플랫폼', '이용', '맞춤형', '보험', '검색', '뿐', '연계', '자동차보험', '가입', '한번']"
4,3.0,0.9940999746322632,"경기, 서울모터쇼, 고양시, 2019, 일산, 현대차, 킨텍스, 현대자동차, 전시, 모델","['삼성·LG·SK·현대차', '경영', '체제', '속', '투', '잰걸음지디넷코리아김우용', '기자삼성전자', '현대자동차', '한국', '대표', '기업', '정기주주총회', '끝났다', '이사회', '재구성', '지배구조재편', '작업', '주', '대기업들', '공통적', '올해', '경기', '불황', '경제', '불투명성', '한해', '전망', '경영', '구조', '개선', '사업', '투자', '강조', '이재용', '구광모', '최태원', '정의선', '기업', '총수', '도전', '시험대', '삼성전자', '50기', '주주총회', '사진지디넷코리아■', '4대', '기업', '주총', '현안', '이사회', '재편apos삼성전자', '20', '정기주주총회', '사외이사', '박재완', '김한조', '안규리', '3인', '사외이사', '선임', '박재완', '이사', '재선', '건', '국민연금', '해외연기금', '반대', '통과', '삼성전자', '액면분할', '후', '첫', '주총', '행사진행미숙', '주주', '비판', '지난해', '4분기부터', '실적하락', '주가하락', '주주', '반발도', '15', '정기주주총회', '권영수', '주LG', '부회장', '기타비상무이사', '선', '정도현', '대표이사', '사장', '사내이사', '재선임했다', '이상구', '김대형', '2인', '사외이사', '선임', '권영수', '부회장', '작년', '구광모', '회장', '그룹', '회장', '선', '뒤', '지주회사', '부회장', '선임', '올해', 'LG유플러스', '이사회', '의장', '그룹', '핵심인물', '29일', '주LG', '주주총회', '의장', '주식회사', '27', '정기주주총회', '염재호', '김병호', '2인', '사외이사', '선임', '최태원', '회장', '사내이사', '재선임했다', '정관', '변경', '대표이사', '제한', '이사회', '의장', '자격요건', '폐', '최태원', '회장', '주식회사', '이사회', '의장', '염재호', '고려대학교', '전', '총장', '후', '이사회', '의장', '통과', '예상', '최태원', '회장', '사내이사', '재선', '건', '국민연금', '반대표', '대세', '지장', '그룹', '지배구조', '개', '작업', '제동', '정의선', '현대차그룹', '수석부회장', '사진현대차그룹현대자동차', '22', '정기주주총회', '정의선', '현대차그룹', '수석부회장', '사내이사', '재선임했다', '이원희', '현대차', '사장', '알버트', '현대차', '연구개발본부장', '2인', '사내이사', '선임', '정의선', '부회장', '현대자동차', '대표이사', '선임', '경영', '전면', '정의선', '부회장', '현대차', '현대모비스', '대표이사', '겸', '기아자동차', '현대제철', '사내이사', '선임', '현대자동차', '주총', '미국계', '행동주의펀드', '엘리엇매니지먼트', '표대결', '관심', '엘리엇', '이사회', '진입', '고배당', '요구', '서면표결', '패배', '■', '주요', '대기업', '사업', '투', '본격화삼성전자', '올해', '분야', '근원적', '혁신', '추진', '스마트폰', '가전', '혁신제품', '반도체', '디스플레이', '사업', '개발', '제조', '역량', '강화', '초격차', '확보', '강조', '인공지능AI', '5G', '사업', '투', '강화', '뜻', '지속적', '자동차', '전장', '분야', '성장', '이재용', '삼성전자', '부회장', '사업부', '경영', '대외', '행보', '적극', '모습', '연초', '문재', '대통령', '중국', '유럽', '글로벌', '행보', '부회장', '작년', '8월', '5G', '바', '반도체', '중심', '전장부품', '4대', '분야', '미래', '성장', '사업', '제시', '2021년', '180조원', '투자하', '스마트폰', '사업', '부진', '속', '가전', '사업', '호조', '그룹', '화학', '통신', '계열사', '협력', '투', '확대', '강조', '구광모', '주LG', '대표', '마곡', '사이언스파크', '방문', '모습구광모', '㈜LG', '대표이사', '회장', '26일', '정기주주총회', '별', '인사말', '올해', '시장', '변화', '선제적', '대응', '시장', '선도', '영속', '강조', '회장', '㈜LG', '자회사들', '시장환경', '변화', '선제적', '대응', '시장', '선도', '영속', '사업', '적극', '발굴', '육성해', '장기적', '관점', '미래', '기업가치', '사업포트폴리오', '구축', '미래', '혁신', '글로벌', '연구단지', '사이언스파크', '중심', '오픈', '이노베이션', '활용', '역량', '강화', '사회적', '가치', '창출', '화두', '집중', '최태원', '회장', '이노베이션', '텔레콤', 'SK하이닉스', '혁신', '실험', 'SK하이닉스', '용인', '반도체', '클러스터', '조성', '1조2천억원', '투자하', '최태원', '그룹', '회장', '28일', '중국', '하이난다오', '보아오포럼', '개막식', '연사', '사회적', '가치', '경제적', '가치', '못지', '중요', '사회적', '가치', '측정', '창출', '사회적', '가치', '인센티브', '제공', '두', '가지', '노력', '집중', '현대자동차', '정의선', '대표이사', '체제', '신기술', '관련', '사업', '투자', '강화', '계획', '신규', '출시', '차량', '신기술', '투입', '전기자동차', '자율주행차', '기술', '투자', '확대', '작년', '철회', '현대차그룹', '지배구조', '개편', '작업', '재시', '예상', '■', '기업', '총수', 'apos통큰', '경영apos', '변화최근', '한국', '대기업', '오너', '리스크', '우려', '가운데', '기업', '변화도', '주목', '의사결정', '과감', '장기적', '투', '한국기업', '오너', '경영', '세계적', '주목', '오너', '일가', '갑질횡포', '비위', '행위', '사회적', '문제', '대두', '오너', '리스크apos', '무게', '이재용', '구광모', '정의선', '기업', '총수', '역할', '전', '포괄적', '전략', '수립', '초점', '무관', '전문경영인', '세부', '사업', '경영', '총수', '사업', '투', '글로벌', '파트너십', '확보', '기업', '이미지', '개', '규모', '사안', '존재감', '투자', '방향성', '제시', '집중', '리스크', '이미지', '탈피', '안정적', '경영', '식', '구축', '의도', '최태원', '회장■', '국민연금', '주주행동주의', '시대', '열려올해', '국내', '기업', '주총', '화제거리', '국민연금', '스튜어드십코드였다', '국민연금', '삼성전자', '주식회사', '주총', '반대표', '현대차', '주총', '엘리엇', '대', '경영진', '손', '대주주', '존재감', '27일', '대한항공', '주총', '조양호', '회장', '사내이사', '선', '부결', '막강한', '영향력', '처음', '증명', '국민연금', '국내외', '막강한', '자금력', '대주주', '그동안', '기업', '경영', '관여', '문재', '정부', '대기업', '총수', '전횡', '견제', '역할', '적극', '시작', '국민연금', '올해', '42개', '기업', '주총', '반대표', '대한항공', '제외', '패배', '스튜어드십코드', '무용론', '대한항공', '사례', '힘', '국민연금', '위시', '주주행동주의', '힘', '발휘', '전망']"
5,2.0,0.8697999715805054,"미국, 현대카드, 국내, 현대자동차, 차량, 자동차, 전기차, 포인트, 완성차, 엔진","['29일', '오후', '경기', '고양시', '일산서구', '킨텍스', '2019', '서울모터쇼', '관람객들', '전시', '차량', '관람', '현대', '기아', '한국GM', '르노삼성', '쌍', '제네시스', '국내', '완성차', '6개사', '메르세데스벤츠', '수입', '자동차', '브랜드', '14개사', '완성차업체', '20곳', '참가', '서울모터쇼', '이날', '개막해', '다음달', '7일', '계속']"
6,2.0,0.8697999715805054,"미국, 현대카드, 국내, 현대자동차, 차량, 자동차, 전기차, 포인트, 완성차, 엔진","['29일', '오후', '경기', '고양시', '일산서구', '킨텍스', '2019', '서울모터쇼', '관람객들', '전시', '차량', '관람', '현대', '기아', '한국GM', '르노삼성', '쌍', '제네시스', '국내', '완성차', '6개사', '메르세데스벤츠', '수입', '자동차', '브랜드', '14개사', '완성차업체', '20곳', '참가', '서울모터쇼', '이날', '개막해', '다음달', '7일', '계속']"
7,2.0,0.8704000115394592,"미국, 현대카드, 국내, 현대자동차, 차량, 자동차, 전기차, 포인트, 완성차, 엔진","['29일', '오후', '경기', '고양시', '일산서구', '킨텍스', '2019', '서울모터쇼', '관람객들', '전시', '차량', '관람', '현대', '기아', '한국GM', '르노삼성', '쌍', '제네시스', '국내', '완성차', '6개사', '메르세데스벤츠', '수입', '자동차', '브랜드', '14개사', '완성차업체', '20곳', '참가', '서울모터쇼', '이날', '개막해', '다음달', '7일', '계속']"
8,2.0,0.9725000262260437,"미국, 현대카드, 국내, 현대자동차, 차량, 자동차, 전기차, 포인트, 완성차, 엔진","['현대자동차', '28일', '오전', '경기', '고양시', '일산서구', '킨텍스', '2019', '서울', '모터쇼', '퍼포먼스', '카', '현대', '기아', '한국GM', '르노삼성', '쌍', '제네시스', '국내', '완성차', '6개사', '메르세데스벤츠', '수입', '자동차', '브랜드', '14사개', '완성차업체', '20곳', '참가', '서울모터쇼', '다음달', '7일']"
9,0.0,0.9965999722480774,"차량, 자동차, 모델, 현대카드, 기술, 솔루션, 엔진, 가솔린, 플라스틱, 국내","['자동차', '업계', '영원', '고민', '과제', '튼튼', '차', '길', '첨단화학', '기술', '자리', '마련', '업계', '주목', '한국다우케미칼', '28일', '현대기아자동차', '남양연구소', '현대기아자동차', '연구원', '임직원', '대상', '한국다우케미칼', '테크쇼', '개최', '테크쇼', '한국다우케미칼', '자동차', '혁신', '첨단화', '자사', '독자적', '신기술', '신제품', '공개', '참석자들', '호응', '이날', '행사', '다우케미칼', '캔드라', '밤방Candra', '아시아태평양', '지역', '포장', '특수', '플라스틱', '영업', '총괄', '부사장', '야오', '웨이구앙', '아시아태평양', '지역', '최고', '기술', '책임자', '겸', '전기자동차', '글로벌', '마케팅', '디렉터', '유우종', '한국다우케미칼', '대표이사', '그룹', '고위층', '참석', '한국다우케미칼', '이날', '테크쇼', '▷폴리우레탄', '컨슈머', '솔루션', '▷포장', '특수', '플라스틱', '▷산업', '솔루션', '▷코팅', '5개', '사업부', '27개', '기술', '솔루션', '사업부별', '8건', '세미나', '개최', '심층적', '기술', '설명', '질의응답', '마련', '테크쇼', '제품', '중', '폴리우레탄', '사업부', '차체용', '상온경화', '폴리우레탄', '폼', '베타폼BETAFOAM', '주목', '베타폼', '메르세데스', '벤츠', '유럽', '고급', '브랜드', '차량', '적용', '제품', '차체', '프레', '내', '공간', '폴리우레탄', '폼', '주입', '후', '상온경화', '가능', '공정시간', '차량', '생산비용', '절감', '베타폼', '주행', '중', '발생', '소음', '진동', '안락', '주행', '환경', '제공', '어쿠스틱형', '내구성', '강화', '초점', '구조형', '컨슈머', '솔루션', '사업부', '자동차', '전장', '배터리팩', '실리콘', '방열재료', '방열', '갭필러', '다우', 'TC4535', '제품', '자동차', '전자부품', '가공성', '개선', '효율적', '열', '관리', '지원', '솔루션', '자동차', '내부', '복잡', '장치', '안정적', '작동', '성능', '제공', '기존', '제품', '열전도율', '30', '향상', '열원', '냉판으로', '분산성', '마모성', '감소', '특징', '포장', '특수', '플라스틱', '사업부', '차세대', '폴리올레핀엘라스토머POE', '시리즈', '차량', '경량화', '효율적', '제품', '주목', '시리즈', '견고한', '플라스틱', '소재', '기존', '플라스틱', '소재', '선팽창계수', '테일게이트', '보디패널', '휀더', '사용', '메탈', '소재', '대체', '차량', '경량화', '외장', '패널', '간', '차', '공기', '저항', '감소', '차량', '경량화', '강도', '연비', '절감', '유우종', '한국다우케미칼', '대표이사', '“자동차', '산업', '발전', '고객', '혁신적', '획기적', '기술', '필요', '있다”며', '“한국다우케미칼', '테크쇼', '고객', '니즈', '충족', '보유', '첨단', '기술', '솔루션', '이해', '효율적', '전달하기', '마련', '행사”라', '유', '대표', '“이번', '한국다우케미칼', '테크쇼', '계기', '자동차', '산업', '고객들', '혁신', '기대한다”고', '말']"
10,6.0,0.994700014591217,"현대카드, 모델, 자동차, 포인트, 아이오닉, 현대차, 전, 교육, 차량, 어린이","['한국', '소비자들', '중요', '패밀리카', '핵심요소', '현대차', '중점', '부분', '교집합', '폭발력', '셈', '실내', '광활', '정갈', '나무', '감', '내장재', '고급', '가로', '센터페시아', '디자인', '시각적', '안정감', '말끔', '하이그로시', '소재', '통일', '마감', '조작감', '공조조절', '버튼들', '팰리세이드란', '환경', '모습', '공간', '스피커', '구분감', '뚜렷', '스피커', '분산', '배치', '센터페시아', '모니터', '탑재', '후석', '취침모드', '장점', '극대화', '1열', '3열', '무릎', '공간', '충분', '열', '배치', '컵홀더', '송풍구', '미니밴', '활용성', '2', '2', '디젤엔진', '최대출력', '202마력', '최대토크', '45', '0kgm', '성능', '실내', '디자인', '가로', '대시보드', '라인', '인상적', '나무', '감', '소재', '고급감', '정찬수', '기자andy', '부분', '운전석', '차', '운전대', '조향감', '인체공학적', '사선', '배치', '전자식', '변속버튼', '적응', '필요', '운전', '중', '오른손', '무색', '정도', '글자', '투영', '어색', '본질', '주행모드', '주행모드', '컴포트', '에코', '스포츠', '스마트', '외', '스노우Snow', '머드Mud', '샌드Sand', '험로주행', '모드', '기술적', '서스펜션', '세팅', '차이', '본질', '차이', '뚜렷', '의외', '대책', '기대', '노면소음', '풍절음', '효과적', '억제', '엔진음', '진동', '싼타페', '비슷', '수준', '스포츠', '모드', '가속페달', '위화감', '2', '2', '디젤', '엔진', '최대출력', '202마력', '최대토크', '45', '0kgm', '성능', '일상', '영역', '부족', '덩치', '아쉬움', '첨단사양', '기본', '방향지시등', '계기반', '후측면', '카메라', '화면', '2열', '탑승객', '1열', '시트', '트렁크', '활용도', '넓이', '폴딩', '기능', '버튼', '제공', '점', '이채']"
11,5.0,0.9962999820709229,"현대차, 차량, 엔진, 교통안전, 교육, 교통안전교실, 국내, 로보카폴리, 어린이, 현대카드","['현대차', '인기', '만화', '캐릭터', '로보카폴리', '활용', '교통안전교실', '어린이들', '전', '의식', '향상', '예방', '현대자동차', '29일', '경기', '고양시', '킨텍스', '현대차', '안전생활실천시민연합', '로이비쥬얼', '관계', '어린이', '100', '명', '2019년', '로보카폴리', '교통안전교실', '시작', '올해', '7년', '맞이', '교통안전교실', '미취학', '어린이', '부모', '교통사고', '예방법', '일상생활', '안전사고', '대처법', '무료', '교육', '체험형', '교통안전', '교육', '프로그램', '현대차', '2013년', '상대적', '체험교육', '기회', '적', '지역', '어린이들에게안전', '교육', '제공', '어린이집유치원', '방문', '교통안전', '교육', '실시', '2016년', '체험활동', '강화', '남양주', '청주', '현재', '전국', '11개', '도시', '교통안전교실', '개최', '상세', '프로그램', '어린이들', '▲승하차사각지대', '전', '▲보행자전거', '전', '▲신호등표지판교육', '▲횡단보', '체험', '▲어두운', '날', '교통', '전', '로보카폴리캐릭터', '보이스', '활용', '스토리텔링', '방식', '구성', '차량', '내', '어린이', '사고', '경각심', '강조', '▲차량', '내', '예방교육', '신설', '어린이', '방문', '보호자들', '▲드라이빙', '플러스찾아가', '운전', '교육', '시뮬레이터도체험해', '로보카폴리', '교통안전교실', '고양32947', '킨텍스', '서울모터쇼', '제2', '전시장', '9홀', '시작', '서울526', '코엑스', '1층', '로비', '강릉', '62629', '강릉', '올림픽파크', '아이스아레', '3개', '지역', '개최', '예정', '참가희망자', '키즈현대', '사이트', '사전예약', '행사', '당', '현장', '접수', '현대차', '관계자', '“올해', '국내', '최대', '규모', '모터쇼', '교통안전교실', '오픈', '자동차', '관심', '다양한', '분야', '시민들', '대상', '체험', '기회', '제공', '교통안전', '당사', '가치', '전달', '기쁘다”며', '“교통안전', '체험', '어린이', '교통사고', '법', '어린이', '교통사고', '줄', '도움', '되길', '바란다”고', '말', '한편', '현대차', '애니메이션', '제작사', '로이비쥬얼', '2011년', '어린이', '교통안전', '교육용', '애니메이션', '폴리', '교통안전', '이야기', '26편', '제작', '글로벌', '어린이', '교통사고', '예방', '노력', '폴리', '교통안전', '이야기', '한국', '중국', '러시아', '대', '인도', '동', '시간대', '시청률', '1위', '기록', '바', '총', '82개국', '무료', '방영', '밖', '현대차', '2013년', '교통사고', '발생률', '미취학', '아동을대상', '현재', '약', '11만명', '아이들', '교통안전', '교육', '실시', '2017년개장한', '현대', '폴리', '교통안전', '놀이터현대차', '일산지점', '소재를통해', '연간', '3만명', '어린이들', '교통안전', '교육', '체험', '기회', '제공']"
12,5.0,0.9962999820709229,"현대차, 차량, 엔진, 교통안전, 교육, 교통안전교실, 국내, 로보카폴리, 어린이, 현대카드","['현대차', '인기', '만화', '캐릭터', '로보카폴리', '활용', '교통안전교실', '어린이들', '전', '의식', '향상', '예방', '현대자동차', '29', '경기', '고양시', '킨텍스', '현대차', '안전생활실천시민연합', '로이비쥬얼', '관계', '어린이', '100', '명', '2019년', '로보카폴리', '교통안전교실', '시작', '올해', '7년', '맞이', '교통안전교실', '미취학', '어린이', '부모', '교통사고', '예방법', '일상생활', '안전사고', '대처법', '무료', '교육', '체험형', '교통안전', '교육', '프로그램', '현대차', '2013년', '상대적', '체험교육', '기회', '적', '지역', '어린이들', '전', '교육', '제공', '어린이집유치원', '방문', '교통안전', '교육', '실시', '2016년', '체험활동', '강화', '남양주', '청주', '현재', '전국', '11개', '도시', '교통안전교실', '개최', '상세', '프로그램', '어린이들', '▲승하차사각지대', '전', '▲보행자전거', '전', '▲신호등표지판', '교육', '▲횡단보', '체험', '▲어두운', '날', '교통', '전', '로보카폴리', '캐릭터', '보이스', '활용', '스토리텔링', '방식', '구성', '차량', '내', '어린이', '사고', '경각심', '강조', '▲차량', '내', '예방교육', '신설', '어린이', '방문', '보호자들', '▲드라이빙', '플러스찾아가', '운전', '교육', '시뮬레이터', '체험', '로보카폴리', '교통안전교실', '고양32947', '킨텍스', '서울모터쇼', '제2', '전시장', '9홀', '시작', '서울526', '코엑스', '1층', '로비', '강릉', '62629', '강릉', '올림픽파크', '아이스아레', '3개', '지역', '개최', '예정', '참가희망자', '키즈현대', '사이트', '사전예약', '행사', '당', '현장', '접수', '현대차', '관계자', '올해', '국내', '최대', '규모', '모터쇼', '교통안전교실', '오픈', '자동차', '관심', '다양한', '분야', '시민들', '대상', '체험', '기회', '제공', '교통안전', '당사', '가치', '전달', '교통안전', '체험', '어린이', '교통사고', '법', '어린이', '교통사고', '줄', '도움', '되길', '말', '한편', '현대차', '애니메이션', '제작사', '로이비쥬얼', '2011년', '어린이', '교통안전', '교육용', '애니메이션', '폴리', '교통안전', '이야기', '26편', '제작', '글로벌', '어린이', '교통사고', '예방', '노력', '폴리', '교통안전', '이야기', '한국', '중국', '러시아', '대', '인도', '동', '시간대', '시청률', '1위', '기록', '바', '총', '82개국', '무료', '방영', '밖', '현대차', '2013년', '교통사고', '발생률', '미취학', '아동', '대상', '현재', '약', '11만명', '아이들', '교통안전', '교육', '실시', '2017년', '개장한', '현대', '폴리', '교통안전', '놀이터현대차', '일산지점', '소재', '연간', '3만명', '어린이들', '교통안전', '교육', '체험', '기회', '제공']"
13,5.0,0.9965000152587891,"현대차, 차량, 엔진, 교통안전, 교육, 교통안전교실, 국내, 로보카폴리, 어린이, 현대카드","['현대자동차', '인기', '만화', '캐릭터', '로보카폴리', '활용', '교통안전교실', '어린이들', '전', '의식', '향상', '예방', '현대차', '29', '경기', '고양시', '킨텍스', '현대차', '안전생활실천시민연합', '로이비쥬얼', '관계', '어린이', '100', '명', '2019년', '로보카폴리', '교통안전교실', '시작', '올해', '7년', '교통안전교실', '미취학', '어린이', '부모', '교통사고', '예방법', '일상생활', '안전사고', '대처법', '무료', '교육', '체험형', '교통안전', '교육', '프로그램', '현대차', '2013년', '상대적', '체험교육', '기회', '적', '지역', '어린이들', '전', '교육', '제공', '어린이집', '유치원', '방문', '교통안전', '교육', '실시', '2016년', '체험활동', '강화', '남양주', '청주', '현재', '전국', '11개', '도시', '교통안전교실', '개최', '상세', '프로그램', '어린이들', '▲승하차·사각지대', '전', '▲보행·자전거', '전', '▲신호등·표지판', '교육', '▲횡단보', '체험', '▲어두운', '날', '교통', '전', '로보카폴리', '캐릭터', '보이스', '활용', '스토리텔링', '방식', '구성', '차량', '내', '어린이', '사고', '경각심', '강조', '▲차량', '내', '예방교육', '신설', '어린이', '방문', '보호자들', '▲드라이빙', '플러스찾아가', '운전', '교육', '시뮬레이터', '체험', '로보카폴리', '교통안전교실', '고양3월', '294월', '7일', '킨텍스', '서울모터쇼', '제2', '전시장', '9홀', '시작', '서울5월26', '코엑스', '1층', '로비', '강릉', '6월2629', '강릉', '올림픽파크', '아이스아레', '3개', '지역', '개최', '예정', '참가희망자', '키즈현대', '사이트', '사전예약', '행사', '당', '현장', '접수', '선착순', '접수', '서울모터쇼', '관람객들', '현장', '방문', '가능', '현대차', '관계자', '“올해', '국내', '최대', '규모', '모터쇼', '교통안전교실', '오픈', '자동차', '관심', '다양한', '분야', '시민들', '대상', '체험', '기회', '제공', '교통안전', '현대차', '가치', '전달', '됐다”면서', '“교통안전', '체험', '어린이', '교통사고', '법', '어린이', '교통사고', '줄', '도움', '되길', '바란다”고', '말', '한편', '현대차', '애니메이션', '제작사', '로이비쥬얼', '2011년', '어린이', '교통안전', '교육용', '애니메이션', '폴리', '교통안전', '이야기', '26편', '제작', '글로벌', '어린이', '교통사고', '예방', '노력', '폴리', '교통안전', '이야기', '한국', '중국', '러시아', '대', '인도', '동', '시간대', '시청률', '1위', '기록', '바', '총', '82개국', '무료', '방영', '현대차', '2013년', '교통사고', '발생률', '미취학', '아동', '대상', '현재', '약', '11만명', '아이들', '교통안전', '교육', '실시', '2017년', '개장한', '현대', '폴리', '교통안전', '놀이터현대차', '일산지점', '소재', '연간', '3만명', '어린이들', '교통안전', '교육', '체험', '기회', '제공']"
14,3.0,0.9686999917030334,"경기, 서울모터쇼, 고양시, 2019, 일산, 현대차, 킨텍스, 현대자동차, 전시, 모델","['2019', '서울모터쇼', '미디어데이', '28', '경기', '고양시', '일산', '킨텍스KINTEX', '현대자동차', '부스', '하이브리드', '전시', '2019', '서울모터쇼', '지속가능', '지능화', '이동혁명Sustainable·Connected·Mobility', '주제', '29일', '4월', '7일', '10', '간', '경기', '고양시', '일산', '킨텍스', '개최']"
15,3.0,0.9686999917030334,"경기, 서울모터쇼, 고양시, 2019, 일산, 현대차, 킨텍스, 현대자동차, 전시, 모델","['2019', '서울모터쇼', '미디어데이', '28', '경기', '고양시', '일산', '킨텍스KINTEX', '현대자동차', '부스', '터보', '전시', '2019', '서울모터쇼', '지속가능', '지능화', '이동혁명Sustainable·Connected·Mobility', '주제', '29일', '4월', '7일', '10', '간', '경기', '고양시', '일산', '킨텍스', '개최']"
16,3.0,0.9707000255584717,"경기, 서울모터쇼, 고양시, 2019, 일산, 현대차, 킨텍스, 현대자동차, 전시, 모델","['2019', '서울모터쇼', '미디어데이', '28', '경기', '고양시', '일산', '킨텍스KINTEX', '현대자동차', '부스', '고성능', '콘셉트카', '퍼포먼스', '전시', '2019', '서울모터쇼', '지속가능', '지능화', '이동혁명Sustainable·Connected·Mobility', '주제', '29일', '4월', '7일', '10', '간', '경기', '고양시', '일산', '킨텍스', '개최']"
17,9.0,0.9955000281333923,"자동차, 개최, 협력, 인도, 관련, 모터쇼, ▲, 아이오닉, 현대자동차, 회장","['한국자동차산업협회회장', '정만기', '경기', '일산', '킨텍스', '개최', '중', '2019서울모터쇼', '방문', '인도자동차협회', '라잔', '와드헤라Rajan', '회장', '29일', '양국간', '자동차산업', '협력', '확대방안', '관련', '회의', '개최', '라잔', '와드헤라', '회장', '쌍용차', '인수', '세계적', '다국적', '기업', '마힌드라', '그룹', '자동차부문', '최고책임자', '7', '경제성장률', '자동차시장', '10년', '2배', '성장', '인도', '세계', '4위', '자동차시장', '제5위', '생산국', '발돋움', '추', '성장잠재력', '국가', '우리정부', '추진', '남방정책', '핵심', '파트너', '현대자동차', '인도', '내수', '2위', '수출', '1위', '자리', '자동차업계', '인도', '글로벌', '시장', '판매', '부진', '만회', '돌파구', '중', '한국자동차산업협회', '인도자동차산업협회', '양국', '자동차산업', '상호호혜적', '발전', '산업부문', '협력', '정보교류', '강화', '양', '기관간', '교류회', '정례화하기', '양국', '▲', '자동차시장', '동향', '▲', '세제', '관세', '▲', '자유무역협정FTA', '추진', '▲', 'WP29', '자동차', '안전기준', '국제조화', '▲', '연비', 'CO2', '배출가스', '소음', '재활용', '연료품질', '환경', '정책', '▲', '자동차', '전', '관련', '신기술', '적용', '▲', '운전자', '안전교육', '▲', '모터쇼', '관련', '정보', '교류', '확대', '세계자동차산업연합회', '공', '국제모터쇼', '개최', '양', '기관', '모터쇼', '국제경쟁력', '제고', '양해각서', '체결', '공동협력', '구체화하기', '양', '기관', '인사', '모터쇼', '개막식', '초청', '모터쇼', '기획', '운영', '관련', '노하우', '공유', '모터쇼', '연계', '개최', '국제자동차포럼', '연사', '초청', '협력', '강화', '한편', '한국자동차산업협회', '인도자동차산업협회', '자동차', '관련', '국제', '협의체', '세계자동차산업연합회', '총회이사회', '참가', '지속가능', '안전', '친환경적', '자동차산업', '발전', '협력', '2019', '11월', '인도자동차산업협회', '인도', '뭄바이', '세계', '40', '개', '자동차생산국', '대표', '총회', '개최', '예정', '인도', '자동차', '주변국', '중심국', '중', '발돋움', '변화', '위상', '상징적', '사건', '양', '기관', '인도', '총회', '성공적', '개최', '적극', '협력키']"
18,9.0,0.9943000078201294,"자동차, 개최, 협력, 인도, 관련, 모터쇼, ▲, 아이오닉, 현대자동차, 회장","['한국자동차산업협회', '경기', '일산', '킨텍스', '2019', '서울모터쇼', '방문', '인도자동차협회', '라잔', '와드헤라Rajan', '회장', '29일', '양국간', '자동차산업', '협력', '확대방안', '관련', '회의', '개최', '31일', '와드헤', '회장', '쌍용차', '인수', '세계적', '다국적', '기업', '마힌드라그룹', '자동차부문', '최고책임자', '연간', '7', '경제성장률', '자동차시장', '10년', '2배', '성장', '인도', '세계', '4위', '자동차시장', '제5위', '생산국', '발돋움', '추', '성장잠재력', '우리정부', '추진', '남방정책', '핵심', '파트너', '현대자동차', '인도', '내수', '2위', '수출', '1위', '자리', '자동차업계', '인도', '글로벌', '시장', '판매', '부진', '만회', '돌파구', '중', '한국자동차산업협회', '인도자동차산업협회', '양국', '자동차산업', '상호호혜적', '발전', '산업부문', '협력', '정보교류', '강화', '양', '기관간', '교류회', '정례화하기', '양국', 'Δ자동차시장', '동향', 'Δ세제', '관세', 'Δ자유무역협정FTA', '추진', 'ΔWP29', '자동차', '안전기준', '국제조화', 'Δ연비', 'CO2', '배출가스', '소음', '재활용', '연료품질', '환경', '정책', 'Δ자동차', '전', '관련', '신기술', '적용', 'Δ운전자', '안전교육', 'Δ모터쇼', '관련', '정보', '교류', '확대', '세계자동차산업연합회OICA', '공', '국제모터쇼', '개최', '두', '기관', '모터쇼', '국제경쟁력', '제고', '양해각서MOU', '체결', '공동협력', '구체화하기', '양', '기관', '인사', '모터쇼', '개막식', '초청', '모터쇼', '기획', '운영', '관련', '노하우', '공유', '국제자동차포럼', '연사', '초청', '협력', '강화', '한편', '인도자동차산업협회', '11월', '인도', '뭄바이', '총회', '개최', '예정', '두', '기관', '인도', '총회', '성공적', '개최', '적극', '협력']"
19,9.0,0.9911999702453613,"자동차, 개최, 협력, 인도, 관련, 모터쇼, ▲, 아이오닉, 현대자동차, 회장","['개막', '첫', '주말', '2019서울모터쇼', '관람객들', '북', '사진제공한국자동차산업협회한국자동차산업협회', '29일', '경기', '일산', '킨텍스', '2019서울모터쇼', '방문', '라잔', '와드헤라', '인도자동차협회', '회장', '자동차산업', '협력', '확대방안', '논의', '31일', '와드헤', '회장', '쌍용차', '인수', '세계적', '다국적', '기업', '마힌드라', '그룹', '자동차부문', '최고책임자', '인도', '세계', '4위', '자동차시장', '제5위', '생산국', '추', '성장잠재력', '국가', '정부', '추진', '남방정책', '핵심', '파트너', '현대자동차', '인도', '내수', '2위', '수출', '1위', '자동차', '업체', '자리', '양국', '협회', '자동차산업', '상호호혜적', '발전', '산업부문', '협력', '정보교류', '강화', '양', '기관간', '교류회', '정례화하기', '양국', '△자동차시장', '동향', '△세제', '관세', '△자유무역협정FTA', '추진', '△WP29', '자동차', '안전기준', '국제조화', '△연비·CO2이산화탄소·배출가스·소음·재활용·연료품질', '환경정책', '△자동차', '전', '관련', '신기술', '적용', '교류', '확대키', '세계자동차산업연합회', '공', '국제모터쇼', '개최', '양', '기관', '모터쇼', '국제경쟁력', '제고', '양해각서', '체결', '공동협력', '구체화하기']"
20,7.0,0.9959999918937683,"개발, 배터리, 차량, 국내, 현대카드, 전기차, 기업, 기술, 그룹, 자동차","['현대자동차그룹', '순수', '전기자동차EV', '핵심부품', '이차전지', '인력', '충원', '수소전기차', '순수', '전기차', '업계', '주도권', '의지', '31일', '업계', '현대차그룹', '전기차', '배터리', '개발', '연구', '담당', '연구원', '모집', '지난해', '경력직', '충원', '최근', '신입', '연구원', '모집', '미래', '차', '연구', '핵심', '의왕연구소', '배치', '전망', '그룹', '관계자', '“모집', '규모', '세부적', '내용', '없다”며', '“이제', '시작', '단계', '소수', '인원', '채용', '앞', '배터리', '관련한', '인원', '충원', '계속', '것”', '말', '이차전지', '개발', '관련해', '인재', '충원', '주체', '그룹', '미래', '전략', '주도하', '전략기술본부', '삼성전자', '출신', '지영조', '사장', '전략기술본부', '그룹', '미래기술', '부문', '지', '사장', '정의선', '부회장', '강조', '모빌리티', '솔루션', '기업', '전환', '선두', '인물', '이차전지', '인력', '확보', '시도', '일각', '현대차그룹', '배터리', '개발', '관측', '테슬라', '비롯', '메르세데스벤츠', '다임러AG', '도요타', '글로벌', '완성차', '브랜드들', '이차전지', '자체', '개발', '내연기관', '자동차', '시대', '완성차', '제조', '업체들', '핵심', '파워트레인', '기술', '보유', '주도권', '전기차', '경우', '진입', '장벽', '완성차', '제조업', '위상', '탓', '업계', '관계자', '“전기차', '시대', '완성차', '업체들', '정보기술IT', '핵심', '부품기업', '하청', '업체', '기술', '주도권', '위기감', '크다”고', '설명', '현대차그룹', '자체', '배터리', '개발', '선', '그룹', '관계자', '“현대·기아차', '전기차', '배터리', '선택', '배터리', '제공', '기업', '적절', '요구', '기술력', '때문', '배터리', '개발', '인력', '확보', '것”', '말', '완성차', '업체', '관계자', '“현재', '배터리', '기술들', '대부분', '특허', '진입', '장벽', '높다”며', '“지금', '개발', '상당한', '개발', '기간', '필요한데', '현대차그룹', '생산', '전기차', '배터리', '자체', '개발해', '장착', '외부', '공급', '경제적', '의문”', '지적', '중장기적', '불가능', '견해', '지금', '중국', '비야디', '닝더스다이', '전', '세계', '전기차', '배터리', '기업', '중', '최상위', '불', '5년', '전', '2014년', '중국', '전기차', '배터리', '출하량', '한국15', '4기가와트', '절반', '수준8', '58기가와트', '불과']"
21,10.0,0.9939000010490417,"차량, 엔진, 미국, 현대차, 자동차, 화재, 리콜, 벨로스터, 현대카드, 현대·기아차","['현대차005380', '미국', '엔진', '결함', '발견', '리콜', '미국', '소비자단체', '“빙산', '일각', '있다”며', '강력', '리콜', '요구', '현대차', '29일현지시간', '미국', '도로교통안전국NHTSA', '제출', '보고서', '미국·캐나다', '판매', '벨로스터', '엔진', '조', '점화', '문제', '발생', '2만여대', '리콜', '추진', '조', '점화', '과도한', '압력', '발생', '엔진', '손상', '엔진', '일부', '상황', '화재', '유발', '현대차', '설명', 'AP통신', '현대차', '미국법인', '리콜', '대상', '2013년', '생산', '벨로스터', '1', '6', '가솔린', '엔진', '해당', '현대차', '벨로스터', '차주', '지난해', '12월', '차량', '화재', '주장', '분석', '결과', '2012년', '4월', '2013년', '10월', '울산공장', '생산', '벨로스터', '엔진', '소프트웨어', '문제', '확', '한', '차량', '5월', '13일', '소프트웨어', '업데이트하', '리콜', '실시', '예정', '기아차000270', '미국법인', '북미', '지역', '판매', '기아차', '울산', '공장', '엔진', '탑재', '미국', '비영리', '소비자단체', '자동차안전센터CAS·Center', '현대·기아차', '화재', '엔진', '문제', '확산', '현대·기아차에', '차량', '화재', '리콜', '촉구', '제이슨', '르빈', '국장', '“이번', '리콜', '현대·기아차', '非충돌', '화재', '문제', '중', '빙산', '일각', '있다”고', '주장', '현대·기아차', '지난달', '미국', '전역', '차량', '화재', '지난달', '쏘울·투싼·스포티지', '3개', '차종', '50만여대', '추', '리콜했다', '2015년', '이후', '현대·기아차', '미국', '화재', '엔진', '결함', '리콜한', '차량', '240만대']"
22,5.0,0.9545000195503235,"현대차, 차량, 엔진, 교통안전, 교육, 교통안전교실, 국내, 로보카폴리, 어린이, 현대카드","['이광국', '현대차', '국내영업본부장', '부사장', '지난해', '6월7', '부산시', '해운대구', '벡스코', '2018', '부산국제모터쇼', '프레스데이', '참석', '출시', '예정', '벨로스터', '2018', '06', '07']"
23,4.0,0.932200014591217,"엔진, 미국, 현대차, 벨로스터, 모델, 화재, 문제, 차량, 결함, 기아차","['현대자동차', '미국', '판매', '벨로스터', '엔진', '결함', '발견', '리콜', '현대차', '29일현지시간', '미국', '도로교통안전국NHTSA', '제출', '보고서', '미국', '지역', '판매', '벨로스터', '2만여대', '엔진', '조', '점화', '문제', '리콜', '추진', '현대차', '조', '점화', '과도한', '압력', '엔진', '손상', '엔진', '일부', '상황', '화재', '유발', '설명', 'AP통신', '엔진', '결함', '현대차', '기아차', '미국', '전역', '차량', '화재', '엔진', '결함', '리콜', '문제', '보도', 'AP통신', '현대차', '미국법인', '리콜', '2013년', '생산', '벨로스터', '1', '6', '가솔린', '엔진', '해당', '말', '현대차', '벨로스터', '차주', '지난해', '12월', '차량', '화재', '주장', '분석', '결과', '2012년', '4월', '2013년', '10월', '울산', '공장', '벨로스터', '엔진', '소프트웨어', '문제', '확인', '한편', '기아차', '미국법인', '북미', '지역', '판매', '기아차', '문제', '발생', '벨로스터', '엔진', '생산', '울산', '공장', '엔진', '탑재', '현대·기아차', '지난달', '미국', '전역', '차량', '화재', '지난달', '쏘울', '투싼', '스포티지', '3개', '차종', '50만여', '대', '추', '리콜하', '2015년', '이후', '지금', '미국', '화재', '엔진', '결함', '리콜한', '차량', '약', '240만대']"
24,6.0,0.7389000058174133,"현대카드, 모델, 자동차, 포인트, 아이오닉, 현대차, 전, 교육, 차량, 어린이","['현대자동차', '초', '품질', '문제', '점검', '중', '8세대', '쏘나타', '4월', '7일', '생산', '재개', '예정', '가운데', '파워트레인', '라인업', '가솔린', '하이브리드HEV', '가솔린', '터보', '추가', '플러그', '하이브리드PHEV', '디젤', '7세대', '끝', '단종하', '라인업', '추가', '현대차', '생산', '지연', '별개', '터보', '모델', '출시', '계획', '변동', '신형', '가솔린', '터보', '모델왼쪽', '하이브리드', '모델', '31일', '업계', '신형', '2', '0ℓ', '가솔린', '2', '0ℓ', '외', '2', '0ℓ', '가솔린', '1', '6ℓ', '가솔린', '터보', '추가', '4종', '엔진', '라인업', '파워트레인', '라인업', '기존', '7종', '4종', '줄', '생산', '판매', '효율', '극대화', '방침', '양산형', '모델', '2019', '서울모터쇼', '공개', '이후', '모델', '6월', '가솔린', '터보', '모델', '7월', '판매', '시작', '기존', '7세대', '라인업', '중', '모델', '8세대', '라인업', '최종', '제외', '충전', '필요', '구매', '보조금', '순수전기차EV', '기존', '세대', '모델', '판매', '저조', '영향', '지난해', '배출가스', '강화', '추세', '7세대', '라인업', '디젤', '모델', '생산', '방침', '신형', '하이브리드', '모델', '신형', '라인업', '추가', '모델별', '공개', '일반', '가솔린', '모델', '차별화', '성능', '디자인', '특징', '모델', 'ℓ당', '20㎞', '연비', '목표', '개발', '외관', '신형', '쏘나타', '기반', '친환경', '이미지', '강조', '전면부', '리플랙션', '패턴', '리듬감', '표현', '전용', '캐스케이딩', '그릴', '적용', '터빈', '모양', '아이디어', '16·17인치', '알', '장착', '공력', '성능', '향상', '모델', '차량', '지붕', '태양광', '패널', '국산차', '최초', '적용', '배터리', '충전', '발전', '시스템', '솔라', '루프', '1년', '약', '1300㎞', '주행', '전략', '생산', '솔라', '루프', '현대·기아차', '모델', '확대', '적용', '전망', '신형', '가솔린', '터보', '모델', '가솔린', '터보', '모델', '현대차', '개발', '스마트스트림', 'G1', '6', '엔진', '8단', '자동변속기', '탑재한', '특징', '최고출력', '180마력', '최대토크', '27', '0㎏·m', '수준', '역동성', '효율성', '겸비', '외관', '범퍼', '디자인', '날렵', '변경', '전용', '그릴', '채택', '고성능차', '이미지', '전면', '보석', '원석', '기하학적', '형태', '듯', '형상', '파라메트릭', '주얼', '패턴', '전용', '그릴', '도입', '에어', '인테이크홀', '공력', '에어', '커튼', '개성', '강조', '후면', '싱글', '트윈팁', '머플러', '장착']"
25,10.0,0.7498000264167786,"차량, 엔진, 미국, 현대차, 자동차, 화재, 리콜, 벨로스터, 현대카드, 현대·기아차","['현대자동차', '미국', '1', '6리터', '엔진결함', '벨로스터', '2만대', '추', '리콜한다', '현대자동차', '벨로스터', '제공현대차31', '현대차', '현대차미국법인HMA', '현지시간', '29일', '미국', '도로교통안전국NHTSA', '미국', '지역', '판매', '벨로스터', '2만여대', '엔진', '조', '점화', '문제', '리콜', '추진', '보고서', '제출', '현대차', '조', '점화', '과도한', '압력', '엔진', '손상', '엔진', '일부', '상황', '화재', '유발', '설명', '미국', '현지', '외신', '엔진', '결함', '현대차', '기아차', '미국', '전역', '차량', '화재', '엔진', '결함', '리콜', '문제', '리콜', '2013년', '생산', '벨로스터', '1', '6', '가솔린', '엔진', '해당', '말', '현대차', '벨로스터', '차주', '지난해', '12월', '차량', '화재', '주장', '분석', '결과', '2012년', '4월', '2013년', '10월', '울산', '공장', '벨로스터', '엔진', '소프트웨어', '문제', '확인', '5월', '13일', '해당', '차량', '소프트웨어', '업데이트하', '리콜', '시작', '예정', '기아차', '미국법인', '북미', '지역', '판매', '기아차', '문제', '발생', '벨로스터', '엔진', '생산', '울산', '공장', '엔진', '탑재', '현대·기아차', '차량', '화재', '리콜', '촉구', '미국', '비영리', '소비자단체', '자동차안전센터CAS·Center', '현대·기아차', '화재', '엔진', '문제', '확산', '지적', '제이슨', '르빈', '국장', '“이번', '리콜', '현대·기아차', '非충돌', '화재', '문제', '빙산', '일각', '있다”며', '현대·기아차', '특정', '모델만', '문제', '발표', '비판', '현대·기아차', '지난달', '미국', '전역', '차량', '화재', '지난달', '쏘울', '투싼', '스포티지', '3개', '차종', '50만여대', '추', '리콜하', '2015년', '이후', '지금', '미국', '화재', '엔진', '결함', '리콜한', '차량', '약', '240만']"
26,5.0,0.9549000263214111,"현대차, 차량, 엔진, 교통안전, 교육, 교통안전교실, 국내, 로보카폴리, 어린이, 현대카드","['개념', '신차', '36종', '154종', '전시르노삼성', '크로스오버', 'XM3', '첫', '공개현대', '지붕', '태양광', '발전', '패널기아', '모하비', '마스터피스', '최초', '공개BMW', '차량', '화재', '사과“한국', '협력”벤츠', '전기', '콘셉트카', '신차', '공개르노삼성자동차', '내년', '초', '출시', '크로스오버', '스포츠유틸리티차SUV', 'XM3', '인스파이어', '최초', '연합뉴스국내', '최대', '자동차', '전시회', '2019', '서울모터쇼', '29일', '다음달', '7일', '10', '간', '경기', '고양시', '일산', '킨텍스', '서울모터쇼조직위원회', '28', '프레스데이', '완성차', '21개', '브랜드국산차', '6개', '수입차', '15개', '신차', '36종', '포함', '154종', '전시', '차량', '소개', 'XM3', '인스파', '도미닉', '시뇨라왼쪽', '르노삼성자동차', '사장', '로렌스', '반', '애커', '르노그룹', '디자인', '총괄', '부회장', '르노삼성자동차', '제공국산차', '가운데', '출시', '모델', '르노삼성자동차', 'XM3', '인스파이어였다', 'XM3', '세단', '스포츠유틸리티차량SUV', '중간', '형태', '크로스오버', '차량', '기존', 'QM3보다', '몸집', 'QM6보다', '도미니크', '시뇨라', '르노삼성차', '사장', '“XM3', '기존', '라인업', '개념', '모델”이라', '“2020년', '상반기', '메이드', '부산부산', '공장', 'XM3', '있다”고', '말', '르노삼성차', '모회사', '르노', '자율주행', '상용차', '프로EZPRO', '르노', '최초', '전륜구동', '상용밴', '에스타페트', '전시', '신형', '1', '6', '터보', '현대자동차', '이광국오른쪽', '부사장', '이상엽', '전무현대디자인센터장가', '28일', '경기', '고양시', '일산', '킨텍스', '2019', '서울모터쇼', '프레스데이', '행사', '7월', '출시', '예정', '신형', '1', '6', '터보', '모델', '처음', '공개', '뒤', '포즈', '연합뉴스현대자동차', '신형', '쏘나타', '하이브리드', '모델', '1', '6', '터보엔진', '모델', '공개', '하이브리드', '모델', '태양광', '패널', '배터리', '충전', '시스템', '솔라', '루프', '국내', '양산차', '최초', '탑재', '현대차', '관계자', '“1년', '태양광', '배터리', '충전', '약', '1300㎞', '주행', '있다”고', '소개', '연비', '20㎞ℓ', '안팎', '1', '6', '터보', '모델', '출시', '2', '0', '가솔린', '모델', '범퍼', '모양', '하이브리드', '6월', '1', '6', '7월', '출시', '모하비', '마스터피스', '기아자동차', '제공기아자동차', '대형', '모하비', '콘셉트카', '모하비', '마스터피스', '세계', '최초', '공개', '국내', '유일', '후륜구동', '기반', '올해', '하반기', '출시', '소형', '콘셉트카', '시그니처', '전기', '콘셉트카', '이매진', '바', '기', '아시아', '최초', '쉐보레', '콜', '한국지엠', '카허', '카젬왼쪽', '사장', '시저', '톨레', '영업', '서비스부문', '부사장', '28일', '경기', '고양시', '일산', '킨텍스', '2019', '서울모터쇼', '프레스데이', '행사', '미국산', '정통', '픽업트럭', '쉐보레', '콜', '옆', '포즈', '한국지엠', '제공한국지엠', '쉐보레', '미국산', '정통', '픽업트럭', '콜도라도', '대형', '트래버스', '소개', '두', '모델', '올해', '하반기', '격', '판매', '쉐보레', '2020년', '국내', '예정', '초대형', '호', '전시', '쌍용자동차', '이날', '“코란도', '기반', '전기·자율주행차', '모델', '개발', '중”', '코란도', '전기차', '출시', '국내', '준중형', '가운데', '첫', '전기차', '모델', '타이틀', '뉴', 'Z4', '김효준', 'BMW그룹코리아', '회장', '28일', '경기', '고양시', '일산', '킨텍스', '2019', '서울모터쇼', '프레스데이', '행사', '컨버터블', '스포츠카', '뉴', 'Z4', '소개', '모습', '연합뉴스수입차', '중', '지난해', '차량', '화재', '곤욕', '국민', '공식', '사과', '재기', '날갯짓', '피터', '노타', '그룹', '보드멤버', '“지난해', '차량', '화재', '이슈', '우려', '불편', '초래', '진심', '송구', '생각', '한국', '고객', '신뢰', '회복', '총력', '다하겠다”면서', '“BMW', '전기차', '한국산', '배터리', '사용', '한국', '기업', '협력', '강화', '방침”', '말', '그룹', '소속', '임승모', '자동차디자이너', '디자인', '전기차', '아이비전i', '다이내믹스', '비롯', '뉴', '3시리즈', '뉴', 'Z4', '뉴', 'X7', 'M2', '컴페티션', 'M4', 'GT4', '콘셉트', 'M8', '쿠페', '8종', '60주년', '에디션', '국내', '처음', '데이비드', '보위', '에디션', '순수전기', '콘셉트카', '클래식', '일렉트릭', '아시아', '최초', '공개', '아이비전i', '다이내믹스', 'BMW그룹코리아', '제공비전', '실버', '애로우', '디미트리스', '실라키스', '메르세데스벤츠코리아', '사장', '전기', '콘셉트카', '비전', '실버', '애로우', '소개', '메르세데스벤츠코리', '제공국내', '수입차', '판매', '1위', '메르세데스벤츠', '전기차', '브랜드', '신차', '2종', '비롯', '12종', '전기', '콘셉트카', '비전', '실버', '애로우', '아시아', '최초', '공개', '올해', '출시', '예정', '순수전기차', '뉴', '모습', '국내', '주력', '모델', '클래스', '플러그', '하이브리드', '모델E300e', '3종', '하이브리드', '모델', '미래', '자동차', '방향성', '제시', '밖', '뉴', '클래스', '뉴', '뉴', '뉴', '클래스', '모습', '탈바꿈', '신차', '전시', '재규어', '뉴', '백정현왼쪽', '재규어랜드로버코리아', '대표', '칼럼', '재규어', '디자인', '총괄', '디렉터', '재규어랜드로버코리아', '제공레인지로버', '벨라', 'SV오토바이오그래피', '다이내믹', '재규어랜드로버코리아', '제공재규어랜드로버', '콤팩트', '중형', '세단', '재규어', '뉴', '랜드로버', '뉴', '레인지로버', '이보크', '아시아', '최초', '레인지로버', '벨라', 'SV오토바이오그래피', '다이내믹', '세계', '최초', '공개', '서울모터쇼', '처음', '참가', '테슬라', '전기차', '모델3', '국내', '소개', '모델S', '모델X', '전시', '뉴', '알티마', '한국닛산', '제공렉서스', '28일', '경기', '고양시', '일산', '킨텍스', '2019', '서울모터쇼', '프레스데이', '행사', '공개', '렉서스', '소형', '2019', '3', '28', '뉴스1닛산', '중형', '세단', '뉴', '알티마', '렉서스', '소형', '도요타', '준중형', '뉴', '제너레이션', '라브4', '국내', '최초', '혼다', '준중형', '세단', '시빅', '성능', '한층', '업그레이드한', '시빅', '스포츠', '한국', '전용', '모델', '내놨다', '신형', '911', '포르쉐코리아', '제공신형', '마칸', '포르쉐코리아', '제공포르쉐', '스포츠카', '대명사', '8세대', '신형', '911', '고성능', '중형', '신형', '마칸', '신형', '카이엔', '하이브리드', '3종', '국내', '마세라티', '최고출력', '590마력', '슈퍼', '르반떼', '트로페오', '처음', '공개', '가격', '2억', '2700만원', '국내', '10대', '판매', '시트로엥', '뉴', 'C5', '에어크로스', '국내', '최초', '공개', '29일', '사전', '계약', '돌입']"
27,8.0,0.9947999715805054,"군산공장, 모델, 현대카드, 한국GM, 전기차, 기록, 국내, 컨소시엄, 엠에스오토텍, 현대차","['한국GM', '군산공장', '전경', '한국GM', '지난해', '2월', '폐쇄', '군산공장', '국내', '자동차부품업체들', '구성', '컨소시엄', '매각', '29일', '업계', '한국GM', '엠에스오토텍', '주도하', '컨소시엄', '이날', '군산공장', '매각', '관련한', '주요', '조건', '합의서', '체결', '엠에스오토텍', '현대자동차', '1차', '협력업체', '차체', '제작', '이날', '엠에스오토텍', '종속회사', '명신', '한국GM', '군산공장', '토지', '건물', '1130억원', '취득', '취득', '예정일', '6월', '28일', '공시', '한국GM', '군산공장', '토지', '공시지가', '1242억원', '국내', '완성차', '제조', '공장', '가운데', '최신', '설비', '점', '때문', '매각대금', '2000억원', '예측', '북도', '엠에스오토텍', '참여', '컨소시엄', '군산공장', '초', '생산시설', '2000억원', '투자', '앞', '약', '900', '명', '인력', '고용', '계획', '컨소시엄', '공장', '정비과정', '2021년', '연간', '5만대', '규모', '전기차', '생산', '시작', '방침', '지난해', '2월', '13일', '폐쇄', '군산공장', '내년초', '재가동', '컨소시엄', '가동', '초', '주문자상표부착생산OEM', '방식', '전기차', '위탁', '생산', '5년', '안', '자체', '모델', '개발', '목표', '2025년', '연간', '15만대', '양산', '계획', '북도', '설명', '계약', '체결', '한국GM', '경영정상화', '한층', '박차', '한국GM', '본계약', '체결', '매각', '대금', '부평공장', '투', '활용', '계획', '한국GM', '지난해', '9월', '공장가동률', '30', '수준', '추락', '부평공장', '2공장', '2교대', '근무제', '1교대', '대응책', '마련', '올해', '말', '2교대', '전환', '군산공장', '폐쇄', '무급휴직자', '300', '명', '복귀', '전망', '부평공장', '2공장에서', '11∼12월부터', '한국GM', '주도적', '개발', '소형', '스포츠유틸리티차SUV', '트랙스', '후속', '모델', '준중형', '생산', '시작', '예정']"
28,3.0,0.9911999702453613,"경기, 서울모터쇼, 고양시, 2019, 일산, 현대차, 킨텍스, 현대자동차, 전시, 모델","['현대자동차', '아이오닉', '일렉트릭', '올해', '미국', '판매', '차량', '중', '공인연비', '보유', '31일', '미국', '환경보호청EPA', '발표', '연료', '효율성', '가이드Fuel', '조사', '올해', '연비', '차', '선정', '3년', '연속', '1위', '기록', '달성', '연료', '효율성', '가이드', '판매', '차량', '모델별', '연비', '순위', '산정', '차량', '연료', '대비', '주행', '거리', '측정', '방식', '평가', '기존', '내연기관', '차량', '적용', '단위', '휘발유', '1갤런3', '785ℓ당', '주행거리', '마일1', '609㎞', '계산', '전기차', '플러그', '하이브리드PHEV차들', '별도', '휘발유', '1갤런', '33', '7kWh', '환산', '단위', '사용', '자료', '미', '환경보호청EPA', '발표', '현대차', '아이오닉', '일렉트릭', '136MPGe', '기록', '테슬라', '모델3130MPGe', '1위', '국내', '단위', '변환', '휘발유', '1ℓ', '57', '8㎞', '운행', '수준', '아이오닉', '일렉트릭', '2017년', '출시', '이후', '3년', '연속', '1등', '기록', '밖', '2월', '현대차', '미국', '시장', '코', '일렉트릭120MPGe', '전체', '4위', '기염', '반면', '지난해', '공동', '7위', '기아자동차', '쏘울', '일렉트릭', '공인연비', '상위', '10개', '차', '안', '지난해', '4월', '서울', '삼성동', '코엑스', '현대차', '일렉트릭', '출시', '행사', '모습', '일렉트릭', '2월', '미국', '출시', '후', '집계', '공인연비', '4위', '현대자동차', '하이브리드', '모델', '경쟁', '현대차', '승리', '집계', '하이브리드', '모델', '연비', '순위', '아이오닉', '하이브리드', '블루', '아이오닉', '하이브리드', '일반모델', '1위', '3위', '경쟁', '차종', '도요타', '프리우스', '에코2위', '혼다', '인사이트', '도요타', '캠리', '하이브리드LE', '도요타', '프리우스공동', '4위', '상위권', '조사', '연료', '효율', '우수차량Fuel', '차종별', '내연기관', '차량', '전기차PHEV', '차', '발표', '내연기관', '사용', '대형차Large', '소형', '스테이션', '왜건Small', '부문', '현대차', '아이코닉', '블루', '기아차', '니로', '58MPG', '50MPG', '기록', '차종', '중', '우수', '성적', '기록']"
29,4.0,0.9951000213623047,"엔진, 미국, 현대차, 벨로스터, 모델, 화재, 문제, 차량, 결함, 기아차","['현대자동차', '아이오닉', '전기차', '미국', '2019년형', '모델들', '가운데', '공', '연비', '평가', '31일', '미국', '환경보호청EPA', '발표', '2019년형', '모델', '연료', '효율성', '가이드', '아이오닉', '일렉트릭', '136MPGe', '기록', '연료', '효율성', '전기차', '플러그', '하이브리드차PHEV', '연비전비', '휘발유', '1갤런3', '785ℓ', '비용', '주행', '거리', '마일1', '609㎞', '단위', '표시', '휘발유', '1갤런', '33', '7㎾h', '환산', '아이오닉', '일렉트릭', '136MPGe', '국내', '단위', '적용', '휘발유', '1ℓ', '비용', '57', '8㎞', '주행', '뜻', '아이오닉', '일렉트릭', '미국', '출시', '첫해', '2017년', '일본', '업체들', '최고', '연비', '기록', '이후', '올해', '1위', '수성', '2019년', '모델', '전기차', '전비', '순위EPA', '홈페이지', '캡쳐', '테슬라', '모델3', '롱레인지', '모델', '130MPGe', '2위', '모델3', '미드레인지', '모델', '123MPGe', '3위', '올해', '2월', '미국', '판매', '시작', '현대차', '일렉트릭', '120MPGe', '4위', '기록', '쉐보레', '볼트', 'EV119MPGe', '폭스바겐', 'e골프119MPGe', '근소한', '차이', '현대차', '일렉트릭현대자동차', '제공', '별도', '집계', '하이브리드', '모델', '연비', '순위', '아이오닉', '하이브리드', '블루연비', '강화형', '모델', '58MPG', '기록', '1위', '도요타', '프리우스', '에코', '56MPG', '2위', '아이오닉', '하이브리드일반', '모델', '55MPG', '3위', '혼다', '인사이트', '도요타', '캠리', '하이브리드', '도요타', '프리우스', '3종', '52MPG', '공동', '4위', '기아차', '니로', '하이브리드', '50MPG', '5위', '2018년', '자동차', '트렌드', '보고서', '미국', '출시', '차종', '브랜드별', '평균', '연비', '계산', '결과', '현대차', '28', '6MPG', '3위', '기록', '1위', '혼다', '29', '4MPG였으', '마쓰다', '29', '0MPG', '2위', '기아차', '27', '2MPG', '현대차', '스바루28', '5MPG', '5위', '기록']"
30,4.0,0.9948999881744385,"엔진, 미국, 현대차, 벨로스터, 모델, 화재, 문제, 차량, 결함, 기아차","['2019년형', '현대차', '아이오닉', '일렉트릭', '현대자동차', '아이오닉', '전기차', '미국', '2019년형', '전기차', '가운데', '공', '연비', '평가', '31일', '미국', '환경보호청EPA', '발표', '2019년형', '모델', '연료', '효율성', '가이드', '아이오닉', '일렉트릭', '136MPGe', '기록', '연료', '효율성', '전기차BEV', '플러그', '하이브리드차PHEV', '전비전기차', '연비', '휘발유', '1갤런3', '785ℓ', '비용', '주행', '거리', '마일1', '609㎞', '환산', '수치', '휘발유', '1갤런', '33', '7㎾h', '환산', '아이오닉', '일렉트릭', '136MPGe', '국내', '단위', '적용', '휘발유', '1ℓ', '비용', '57', '8㎞', '주행', '뜻', '아이오닉', '일렉트릭', '미국', '출시', '첫해', '2017년', '일본', '업체들', '최고', '연비', '기록', '이후', '올해', '1위', '수성', '테슬라', '모델3', '롱레인지', '모델', '130MPGe', '2위', '모델3', '미드레인지', '모델', '123MPGe', '3위', '올해', '2월', '미국', '판매', '시작', '현대차', '일렉트릭', '120MPGe', '4위', '기록', '쉐보레', '볼트Bolt·119MPGe', '폭스바겐', 'e골프119MPGe', '근소한', '차이', '별도', '집계', '하이브리드', '모델', '연비', '순위', '아이오닉', '하이브리드', '블루연비', '강화형', '모델', '58MPG', '기록', '1위', '도요타', '프리우스', '에코', '56MPG', '2위', '아이오닉', '하이브리드일반', '모델', '55MPG', '3위', '혼다', '인사이트', '도요타', '캠리', '하이브리드', '도요타', '프리우스', '3종', '52MPG', '공동', '4위', '기아차', '니로', '하이브리드', '50MPG', '5위', '2018년', '자동차', '트렌드', '보고서', '미국', '출시', '차종', '브랜드별', '평균', '연비', '계산', '결과', '현대차', '28', '6MPG', '3위', '기록', '1위', '혼다', '29', '4MPG였으', '마쓰다', '29', '0MPG', '2위', '기아차', '27', '2MPG', '현대차', '스바루28', '5MPG', '5위', '기록']"
31,9.0,0.9943000078201294,"자동차, 개최, 협력, 인도, 관련, 모터쇼, ▲, 아이오닉, 현대자동차, 회장","['한국자동차산업협회', '경기', '일산', '킨텍스', '2019', '서울모터쇼', '방문', '인도자동차협회', '라잔', '와드헤라Rajan', '회장', '29일', '양국간', '자동차산업', '협력', '확대방안', '관련', '회의', '개최', '31일', '와드헤', '회장', '쌍용차', '인수', '세계적', '다국적', '기업', '마힌드라그룹', '자동차부문', '최고책임자', '연간', '7', '경제성장률', '자동차시장', '10년', '2배', '성장', '인도', '세계', '4위', '자동차시장', '제5위', '생산국', '발돋움', '추', '성장잠재력', '우리정부', '추진', '남방정책', '핵심', '파트너', '현대자동차', '인도', '내수', '2위', '수출', '1위', '자리', '자동차업계', '인도', '글로벌', '시장', '판매', '부진', '만회', '돌파구', '중', '한국자동차산업협회', '인도자동차산업협회', '양국', '자동차산업', '상호호혜적', '발전', '산업부문', '협력', '정보교류', '강화', '양', '기관간', '교류회', '정례화하기', '양국', 'Δ자동차시장', '동향', 'Δ세제', '관세', 'Δ자유무역협정FTA', '추진', 'ΔWP29', '자동차', '안전기준', '국제조화', 'Δ연비', 'CO2', '배출가스', '소음', '재활용', '연료품질', '환경', '정책', 'Δ자동차', '전', '관련', '신기술', '적용', 'Δ운전자', '안전교육', 'Δ모터쇼', '관련', '정보', '교류', '확대', '세계자동차산업연합회OICA', '공', '국제모터쇼', '개최', '두', '기관', '모터쇼', '국제경쟁력', '제고', '양해각서MOU', '체결', '공동협력', '구체화하기', '양', '기관', '인사', '모터쇼', '개막식', '초청', '모터쇼', '기획', '운영', '관련', '노하우', '공유', '국제자동차포럼', '연사', '초청', '협력', '강화', '한편', '인도자동차산업협회', '11월', '인도', '뭄바이', '총회', '개최', '예정', '두', '기관', '인도', '총회', '성공적', '개최', '적극', '협력']"
32,2.0,0.9746999740600586,"미국, 현대카드, 국내, 현대자동차, 차량, 자동차, 전기차, 포인트, 완성차, 엔진","['이광국오른쪽', '현대자동차', '국내영업본부장', '부사장', '28', '경기', '고양시', '일산서구', '킨텍스', '2019', '서울', '모터쇼', '신형', '소나타', '터보', '현대', '기아', '한국GM', '르노삼성', '쌍', '제네시스', '국내', '완성차', '6개사', '메르세데스벤츠', '수입', '자동차', '브랜드', '14사개', '완성차업체', '20곳', '참가', '서울모터쇼', '다음달', '7일']"
33,6.0,0.7527999877929688,"현대카드, 모델, 자동차, 포인트, 아이오닉, 현대차, 전, 교육, 차량, 어린이","['국내', '자동차', '업체', '컨소시엄', '한국GM', '지난해', '2월', '폐쇄', '군산', '공장', '인수', '현대자동차', '1차', '협력업체', '엠에스오토텍', '주도하', '컨소시엄', '한국GM', '조선', '합의서', '체결', '앞', '구체적', '매각', '대금', '협의', '한국GM', '군산', '공장', '토지', '공시지가', '약', '1천', '2백억원', '생산', '설비', '매각', '대금', '2천억원', '자동차', '업계', '군산', '공장', '생산', '라인', '준비', '앞', '2년', '뒤', '본격적', '자동차', '생산', '전망']"
34,8.0,0.9847999811172485,"군산공장, 모델, 현대카드, 한국GM, 전기차, 기록, 국내, 컨소시엄, 엠에스오토텍, 현대차","['한국GM', '지난해', '2월', '폐쇄', '결정한', '군산공장', '국내', '자동차', '부품업체', '컨소시엄', '매각키', '한국GM', '현대차', '1차', '협력업체', '엠에스오토텍', '주도하', '컨소시엄', '군산공장', '매각', '관련한', '주요', '조건', '합의서', '체결', '엠에스오토텍', '종속회사', '명신', '한국GM', '군산공장', '토지', '건물', '1천130억원', '취득', '취득', '예정일', '6월', '28일', '공시', '코스닥', '상장기업', '엠에스오토텍', '경북', '경주시', '본사', '현대자동차', '1차', '협력사', '차체', '제작', '컨소시엄', '군산공장', '인수', '뒤', '주문자상표부착생산OEM', '방식', '전기차', '생산', '계획']"
35,3.0,0.9685999751091003,"경기, 서울모터쇼, 고양시, 2019, 일산, 현대차, 킨텍스, 현대자동차, 전시, 모델","['【서울뉴시스】현대차', '인기', '만화', '캐릭터', '로보카폴리', '활용', '교통안전교실', '어린이들', '전', '의식', '향상', '예방', '현대자동차www', '29일금', '경기', '고양시', '킨텍스', '현대차', '안전생활실천시민연합', '로이비쥬얼', '관계', '어린이', '100', '명', '2019년', '로보카폴리', '교통안전교실', '시작']"
36,10.0,0.5318999886512756,"차량, 엔진, 미국, 현대차, 자동차, 화재, 리콜, 벨로스터, 현대카드, 현대·기아차","['서울연합뉴스', '29일', '경기', '고양시', '킨텍스', '2019년', '로보카폴리', '교통안전교실', '로이비쥬얼', '신승호', '이사왼쪽', '안전생활실천시민연합', '이정술', '사무총장', '현대차', '최원준', '부장', '참가', '어린이들', '기념촬영']"
37,3.0,0.9685999751091003,"경기, 서울모터쇼, 고양시, 2019, 일산, 현대차, 킨텍스, 현대자동차, 전시, 모델","['【서울뉴시스】현대차', '인기', '만화', '캐릭터', '로보카폴리', '활용', '교통안전교실', '어린이들', '전', '의식', '향상', '예방', '현대자동차www', '29일금', '경기', '고양시', '킨텍스', '현대차', '안전생활실천시민연합', '로이비쥬얼', '관계', '어린이', '100', '명', '2019년', '로보카폴리', '교통안전교실', '시작']"
38,9.0,0.9911999702453613,"자동차, 개최, 협력, 인도, 관련, 모터쇼, ▲, 아이오닉, 현대자동차, 회장","['개막', '첫', '주말', '2019서울모터쇼', '관람객들', '북', '사진제공한국자동차산업협회한국자동차산업협회', '29일', '경기', '일산', '킨텍스', '2019서울모터쇼', '방문', '라잔', '와드헤라', '인도자동차협회', '회장', '자동차산업', '협력', '확대방안', '논의', '31일', '와드헤', '회장', '쌍용차', '인수', '세계적', '다국적', '기업', '마힌드라', '그룹', '자동차부문', '최고책임자', '인도', '세계', '4위', '자동차시장', '제5위', '생산국', '추', '성장잠재력', '국가', '정부', '추진', '남방정책', '핵심', '파트너', '현대자동차', '인도', '내수', '2위', '수출', '1위', '자동차', '업체', '자리', '양국', '협회', '자동차산업', '상호호혜적', '발전', '산업부문', '협력', '정보교류', '강화', '양', '기관간', '교류회', '정례화하기', '양국', '△자동차시장', '동향', '△세제', '관세', '△자유무역협정FTA', '추진', '△WP29', '자동차', '안전기준', '국제조화', '△연비·CO2이산화탄소·배출가스·소음·재활용·연료품질', '환경정책', '△자동차', '전', '관련', '신기술', '적용', '교류', '확대키', '세계자동차산업연합회', '공', '국제모터쇼', '개최', '양', '기관', '모터쇼', '국제경쟁력', '제고', '양해각서', '체결', '공동협력', '구체화하기']"
39,9.0,0.9955000281333923,"자동차, 개최, 협력, 인도, 관련, 모터쇼, ▲, 아이오닉, 현대자동차, 회장","['한국자동차산업협회회장', '정만기', '경기', '일산', '킨텍스', '개최', '중', '2019서울모터쇼', '방문', '인도자동차협회', '라잔', '와드헤라Rajan', '회장', '29일', '양국간', '자동차산업', '협력', '확대방안', '관련', '회의', '개최', '라잔', '와드헤라', '회장', '쌍용차', '인수', '세계적', '다국적', '기업', '마힌드라', '그룹', '자동차부문', '최고책임자', '7', '경제성장률', '자동차시장', '10년', '2배', '성장', '인도', '세계', '4위', '자동차시장', '제5위', '생산국', '발돋움', '추', '성장잠재력', '국가', '우리정부', '추진', '남방정책', '핵심', '파트너', '현대자동차', '인도', '내수', '2위', '수출', '1위', '자리', '자동차업계', '인도', '글로벌', '시장', '판매', '부진', '만회', '돌파구', '중', '한국자동차산업협회', '인도자동차산업협회', '양국', '자동차산업', '상호호혜적', '발전', '산업부문', '협력', '정보교류', '강화', '양', '기관간', '교류회', '정례화하기', '양국', '▲', '자동차시장', '동향', '▲', '세제', '관세', '▲', '자유무역협정FTA', '추진', '▲', 'WP29', '자동차', '안전기준', '국제조화', '▲', '연비', 'CO2', '배출가스', '소음', '재활용', '연료품질', '환경', '정책', '▲', '자동차', '전', '관련', '신기술', '적용', '▲', '운전자', '안전교육', '▲', '모터쇼', '관련', '정보', '교류', '확대', '세계자동차산업연합회', '공', '국제모터쇼', '개최', '양', '기관', '모터쇼', '국제경쟁력', '제고', '양해각서', '체결', '공동협력', '구체화하기', '양', '기관', '인사', '모터쇼', '개막식', '초청', '모터쇼', '기획', '운영', '관련', '노하우', '공유', '모터쇼', '연계', '개최', '국제자동차포럼', '연사', '초청', '협력', '강화', '한편', '한국자동차산업협회', '인도자동차산업협회', '자동차', '관련', '국제', '협의체', '세계자동차산업연합회', '총회이사회', '참가', '지속가능', '안전', '친환경적', '자동차산업', '발전', '협력', '2019', '11월', '인도자동차산업협회', '인도', '뭄바이', '세계', '40', '개', '자동차생산국', '대표', '총회', '개최', '예정', '인도', '자동차', '주변국', '중심국', '중', '발돋움', '변화', '위상', '상징적', '사건', '양', '기관', '인도', '총회', '성공적', '개최', '적극', '협력키']"
40,8.0,0.5978000164031982,"군산공장, 모델, 현대카드, 한국GM, 전기차, 기록, 국내, 컨소시엄, 엠에스오토텍, 현대차","['경북', '경주시', '엠에스오토텍', '모습', '엠에스오토텍', '주도하', '컨소시엄', '29', '한국지엠', '군산공장', '매각', '관련한', '주요', '조건', '합의서', '체결', '연합뉴스지역', '자동차부품업체', '주도하', '컨소시엄', '지난해', '2월', '폐쇄', '한국GM', '군산공장', '새주인', '경주', '소재한', '차체', '부품업체', '㈜엠에스오토텍', '자회사', '㈜명신', '1천130억원', '군산공장', '토지', '건물', '6월', '중', '취득', '공시', '엠에스오토텍', '국내', '자동차부품업체', '컨소시엄', '구성', '한국지엠', '군산공장', '매입', '내용', '조건', '합의', '체결', '한국지엠', '군산공장', '토지', '공시지가', '1천242억원', '생산설비', '국내', '완성차', '제조', '공장', '가운데', '최신', '설비', '매각', '대금', '2천억원', '예상', '한국지엠', '관계자', '본계약', '체결', '양측', '매각', '조건', '합의', '문서', '작성', '구체적', '매각', '대금', '확정', '현대차', '1차', '협력업체', '엠에스오토텍', '경북', '경주', '본사', '지역', '업체', '현대자동차', '출신', '현대차', '사장', '현대증권', '회장', '역임', '이양섭', '회장', '경영', '회장', '아들', '이태규', '대표이사', '경영', '차체', '업체', '최근', '전기차', '업체', '테슬라', '납품', '화제', '엠에스오토텍', '군산', '공장', '전기차', '생산', '활용', '계획', '계열사', '컨소시엄', '참여', '국내', '부품업체', '3', '4곳', '주문자상표부착생산OEM', '방식', '전기차', '생산', '업계', '신규', '생산라인', '설치', '1년', '6개월', '2년', '후', '격', '생산', '업계', '관계자', '군산공장', '생산라인', '도장', '공정', '때문', '기존', '설비', '활용도', '전기차', '생산', '어려움', '말']"
41,7.0,0.9959999918937683,"개발, 배터리, 차량, 국내, 현대카드, 전기차, 기업, 기술, 그룹, 자동차","['현대자동차그룹', '순수', '전기자동차EV', '핵심부품', '이차전지', '인력', '충원', '수소전기차', '순수', '전기차', '업계', '주도권', '의지', '31일', '업계', '현대차그룹', '전기차', '배터리', '개발', '연구', '담당', '연구원', '모집', '지난해', '경력직', '충원', '최근', '신입', '연구원', '모집', '미래', '차', '연구', '핵심', '의왕연구소', '배치', '전망', '그룹', '관계자', '“모집', '규모', '세부적', '내용', '없다”며', '“이제', '시작', '단계', '소수', '인원', '채용', '앞', '배터리', '관련한', '인원', '충원', '계속', '것”', '말', '이차전지', '개발', '관련해', '인재', '충원', '주체', '그룹', '미래', '전략', '주도하', '전략기술본부', '삼성전자', '출신', '지영조', '사장', '전략기술본부', '그룹', '미래기술', '부문', '지', '사장', '정의선', '부회장', '강조', '모빌리티', '솔루션', '기업', '전환', '선두', '인물', '이차전지', '인력', '확보', '시도', '일각', '현대차그룹', '배터리', '개발', '관측', '테슬라', '비롯', '메르세데스벤츠', '다임러AG', '도요타', '글로벌', '완성차', '브랜드들', '이차전지', '자체', '개발', '내연기관', '자동차', '시대', '완성차', '제조', '업체들', '핵심', '파워트레인', '기술', '보유', '주도권', '전기차', '경우', '진입', '장벽', '완성차', '제조업', '위상', '탓', '업계', '관계자', '“전기차', '시대', '완성차', '업체들', '정보기술IT', '핵심', '부품기업', '하청', '업체', '기술', '주도권', '위기감', '크다”고', '설명', '현대차그룹', '자체', '배터리', '개발', '선', '그룹', '관계자', '“현대·기아차', '전기차', '배터리', '선택', '배터리', '제공', '기업', '적절', '요구', '기술력', '때문', '배터리', '개발', '인력', '확보', '것”', '말', '완성차', '업체', '관계자', '“현재', '배터리', '기술들', '대부분', '특허', '진입', '장벽', '높다”며', '“지금', '개발', '상당한', '개발', '기간', '필요한데', '현대차그룹', '생산', '전기차', '배터리', '자체', '개발해', '장착', '외부', '공급', '경제적', '의문”', '지적', '중장기적', '불가능', '견해', '지금', '중국', '비야디', '닝더스다이', '전', '세계', '전기차', '배터리', '기업', '중', '최상위', '불', '5년', '전', '2014년', '중국', '전기차', '배터리', '출하량', '한국15', '4기가와트', '절반', '수준8', '58기가와트', '불과']"
42,10.0,0.5317999720573425,"차량, 엔진, 미국, 현대차, 자동차, 화재, 리콜, 벨로스터, 현대카드, 현대·기아차","['서울연합뉴스', '29일', '경기', '고양시', '킨텍스', '2019년', '로보카폴리', '교통안전교실', '로이비쥬얼', '신승호', '이사왼쪽', '안전생활실천시민연합', '이정술', '사무총장', '현대차', '최원준', '부장', '참가', '어린이들', '기념촬영']"
43,8.0,0.9914000034332275,"군산공장, 모델, 현대카드, 한국GM, 전기차, 기록, 국내, 컨소시엄, 엠에스오토텍, 현대차","['미국', '2019년형', '모델', '가운데', '현대자동차', '아이오닉', '전기차', '공인연비', '1위', '기록', '31일', '미국', '환경보호청EPA', '발표', '연료', '효율성', '가이드', '아이오닉', '일렉트릭', '136MPGe', '기록', '테슬라', '모델3', '롱레인지', '모델', '2017년', '1위', '유', '전기차', '플러그', '하이브리드차', '연비', '단위', '휘발유', '1갤런3', '785ℓ', '비용', '주행', '거리', '마일1', '609㎞', '단위', '표시', '미국환경보호청', '휘발유', '1갤런', '33', '7㎾h', '환산', '아이오닉', '일렉트릭', '136MPGe', '국내', '적용', '휘발유', '1ℓ', '비용', '57', '8㎞', '주행', '거', '의미', '연비', '2위', '130MPGe', '기록', '테슬라', '모델3', '롱레인지', '모델', '3위', '미드레', '모델', '현대차', '일렉트릭', '120MPGe', '4위', '기록', '쉐보레', '볼트', 'EV119MPGe', '폭스바겐', 'e골프119MPGe', '하이브리드', '모델', '연비', '순위', '아이오닉', '하이브리드', '블루', '58MPG', '기록', '1위', '도요타', '프리우스', '에코', '56MPG', '2위', '아이오닉', '하이브리드', '일반', '모델', '55MPG', '3위', '차지']"
44,2.0,0.9649999737739563,"미국, 현대카드, 국내, 현대자동차, 차량, 자동차, 전기차, 포인트, 완성차, 엔진","['현대자동차', '아이오닉', '전기차', '미국', '2019년형', '모델들', '가운데', '공', '연비', '평가', '31일', '미국', '환경보호청', '발표', '자료', '아이오닉', '일렉트릭', '136MPGe', '연료', '효율성', '휘발유', '1L', '57', '8㎞', '의미']"
45,1.0,0.9957000017166138,"현대카드, 포인트, 디자인, 혜택, 카드, 사용, 제공, 서비스, 차량, 구매","['올해', '밀라노', '디자인', '위크', '스타', '프리Style', '주제', '전시관', '운영', '스타', '프리', '1월', '미국', '라스베이거스', '세계', '최대', '소비자', '가전전시회', '2019', '발표', '현대차', '고객', '경험UX', '방향성', '디자인', '철학', '고객', '라이프', '스타일', '공간', '하드웨어', '콘텐트', '자유', '구성', '스타', '프리', '기본', '개념', '조원홍', '현대차', '고객경험본부장', '“이번', '밀라노', '디자인', '위크', '자동차', '개인', '거주공간', '것”', '말', '현대자동차', '내달', '열리', '밀라노', '디자인', '위크', '고객경험', '방향성UX', '스타', '프리', '주제', '전시', '사진', '현대자동차', '전시관', '조감도', '현대자동차', '박람회', '기간', '현대차', '영국', '라이프스타', '매거진', '모노클', '컬래버레이션해', '전시관', '운영', '이상엽', '현대차디자인센터장', '브륄레', '모노클', '편집장', '네덜란드', '축', '마스', '패널', '토론', '삼성전자', '밀라노', '디자인', '위크', '19일', '재해석해', '공개', '자사', '디자인', '철학', 'Soul대담하라', '영혼', '교감', '주제', '전시', '삼성전자', '디자인', '철학', '재해석', '거', '1996년', '이후', '23년', '만', '기존', '사용자', '출발', '미래', '디자인', '철학', '표방', '디자인', '경영', '중시', '삼성전자', '밀라노', '디자인', '위크', '참석', '삼성전자', '19일', '공개한', '디자인', '철학', 'Soul대담하라', '영혼', '교감', '삼성전자', '올해', '밀라노', '디자인', '위크', '기반', '다양한', '활동', '삼성전자', '디자인', '홈페이지', '캡처', '2005년', '이건희', '회장', '밀라노', '디자인', '위크', '참석', '디자인', '혁명', '강조', '밀라노', '선언', '뒤', '삼성전자', '디자인경영센터', '제품', '디자인과', '사용자', '경험', '공', '국내', '제조업체들', '밀라노', '디자인', '워크', '참가', '물꼬', '삼성전자', '제조업체들', '밀라노', '디자인', '박람회', '공', '거', '개성', '중시', '밀레니얼', '세대', '사용자', '경험', '취향', '트렌드', '감', '구매력', '기업', '미래', '의미', '현대차', '관계자', '“올해', '스타', '프리', '사용자', '경험', '방향성', '제시', '세계', '최대', '디자인', '박람회', '현대차', '철학', '기회', '것”', '말']"
46,10.0,0.9970999956130981,"차량, 엔진, 미국, 현대차, 자동차, 화재, 리콜, 벨로스터, 현대카드, 현대·기아차","['지속', '가능', '지능화', '이동', '혁명', '주제', '2019', '서울모터쇼', '경기', '일산', '킨텍스', '4월', '7일', '개최', '28일', '프레스', '데이', '시작', '개막', '서울모터쇼', '완성차', '업체들', '신차', '공개', '뿐', '국내', '중소', '자동차', '관련', '업체들', '신기술', '공개', '자리', '마련', '2019', '서울', '모터쇼', '오토메이커스', '월드', '서스테이너블', '월드', '커넥티드', '월드', '모빌리티', '월드', '오토파츠', '월드', '7개', '테마관', '구성', '오토파츠', '월드', '참가', '국내', '중소', '자동차', '용품', '개조', '업체들', '독자적', '기술력', '관람객들', '시선', '국내', '업체들', '기술', '개발', '키워드', '친환경이었다', '업체들', '친환경차', '탑재', '용품들', '개발', '노력', '결과물들', '모터쇼', '현대·기아자동차', '1차', '협력사', '명화공업', '엔진용', '오일펌프', '워터펌프', '자동변속기', '생산', '회사', '친환경차', '발전', '전동식', '워터펌프', '국내', '최초', '독자', '개발', '전동식', '워터펌프', '수소전기차', '전기차', '내연기관', '차량', '적용', '가능', '연비', '효율', '역할', '코리아하이테크', '국내', '최초', '친환경', '농업용', '동력운반차', '힘쎈1', '공식', '출시', '힘쎈1', '농기계', '농업용', '운반', '전기차', '코리아하이테크', '연기', '논밭', '과거', '경운기', '친환경', '농기구', '운반', '전기차', '농촌', '풍경', '코리아하이테크', '관계자', '지난해', '인증', '농업용', '전기차', '본격적', '출시', '조작', '가능', '안전성', '확보', '유지비', '저렴한', '차량', '소개', '코리아하이테크', '농업용', '운반', '전기차', '힘쎈1친환경', '대체연료', '솔루션', '업체', '로턴', '차량', '튜닝', '전문', '업체', '박홍준', '로턴', '대표이사', '기존', '가솔린', '디젤', '차량', '차량', '튜닝하는데', '자동차', '구조적', '변경', '최소', '로턴만', '기술력', '소개', '직분사', '시스템', '기존', '가솔린', '직분사', '엔진GDI', '직접분사', '방식', '동일', '사용', '액체', '연소실', '분사', '방식', '튜닝하', '가솔린', '유사한', '출력', '유', '배출가스', '저감효과', '설명', '가솔린', '겸용', '사용', '주행중', '자유', '연료', '주행', '장점', '정부', '규제', '완화', '자동차', '시장', '바람', '로턴', '기술력', '주목', '자동차', '전용', '배터리', '냉각액', '생산', '극동제연', '모터쇼', '참가', '극동제연', '국내', '유', '수소전기차', '전용', '연료전지', '냉각액', '생산', '업체', '2005년', '현대·기아차', '수소전기차', '전용', '냉각액', '공동개발', '시작', '현대자동차', '수소전기차', '투싼ix', '양산', '넥쏘', '냉각액', '공급', '모터쇼', '자율주행', '카셰어링', '자동차', '관련', '어플리케이션', '기업들', '관람객들', '관심', '모빌테크', '3D', '카메라', '라', '센서', '정밀', '지', '데이터', '축적', '기술', '보유', '업체', '모빌테크', '개발', '시맨틱', '엔진', '인공지능', '기반', '데이터', '추출', '시스템', '카메라', '스캔', '3D', '데이터', '딥러닝', '다양', '물체', '구분', '도', '정보', '인식', '자율주행', '정밀', '지', '제작', '필요', '기술', '자동차', '서비스', '플랫폼', '차봇', '어플리케이션', '플랫폼', '최적화', '자동차', '보험', '상품', '키오스크', '미디어', '모빌리티', '모바', '플랫폼', '이용', '맞춤형', '보험', '검색', '뿐', '연계', '자동차보험', '가입', '한번']"
47,3.0,0.9686999917030334,"경기, 서울모터쇼, 고양시, 2019, 일산, 현대차, 킨텍스, 현대자동차, 전시, 모델","['2019', '서울모터쇼', '미디어데이', '28', '경기', '고양시', '일산', '킨텍스KINTEX', '현대자동차', '부스', '하이브리드', '전시', '2019', '서울모터쇼', '지속가능', '지능화', '이동혁명Sustainable·Connected·Mobility', '주제', '29일', '4월', '7일', '10', '간', '경기', '고양시', '일산', '킨텍스', '개최']"
48,3.0,0.9686999917030334,"경기, 서울모터쇼, 고양시, 2019, 일산, 현대차, 킨텍스, 현대자동차, 전시, 모델","['2019', '서울모터쇼', '미디어데이', '28', '경기', '고양시', '일산', '킨텍스KINTEX', '현대자동차', '부스', '터보', '전시', '2019', '서울모터쇼', '지속가능', '지능화', '이동혁명Sustainable·Connected·Mobility', '주제', '29일', '4월', '7일', '10', '간', '경기', '고양시', '일산', '킨텍스', '개최']"
49,3.0,0.9707000255584717,"경기, 서울모터쇼, 고양시, 2019, 일산, 현대차, 킨텍스, 현대자동차, 전시, 모델","['2019', '서울모터쇼', '미디어데이', '28', '경기', '고양시', '일산', '킨텍스KINTEX', '현대자동차', '부스', '고성능', '콘셉트카', '퍼포먼스', '전시', '2019', '서울모터쇼', '지속가능', '지능화', '이동혁명Sustainable·Connected·Mobility', '주제', '29일', '4월', '7일', '10', '간', '경기', '고양시', '일산', '킨텍스', '개최']"
50,5.0,0.8623999953269958,"현대차, 차량, 엔진, 교통안전, 교육, 교통안전교실, 국내, 로보카폴리, 어린이, 현대카드","['현대자동차005380', '경기', '일산', '킨텍스', '체험형', '교통안전', '교육프로그램', '교통안전교실', '29일', '시작', '올해', '7년', '맞이', '교통안전교실', '미취학', '어린이', '부모', '교통사고', '예방법', '일상생활', '안전사고', '대처법', '무료', '교육', '체험형', '교통안전', '교육', '프로그램', '프로그램', '△승하차·사각지대', '전', '△보행·자전거', '전', '△신호등·표지판', '교육', '△횡단보', '체험', '△어두운', '날', '교통', '전', '인기만화', '캐릭터', '로보카폴리', '활용', '설명', '방식', '외', '차량', '내', '예방교육', '신설', '어린이', '방문', '보호자들', '드라이빙', '플러스찾아가', '운전', '교육', '시뮬레이터', '체험', '교통안전교실', '고양32947', '킨텍스', '서울모터쇼', '제2', '전시장', '9홀', '시작', '서울526', '코엑스', '1층', '로비', '강릉', '62629', '강릉', '올림픽파크', '아이스아레', '3개', '지역', '개최', '예정', '참가희망자', '키즈현대', '사이트', '사전예약', '행사', '당', '현장', '접수']"
51,5.0,0.6467999815940857,"현대차, 차량, 엔진, 교통안전, 교육, 교통안전교실, 국내, 로보카폴리, 어린이, 현대카드","['왼쪽', '로이비쥬얼', '신승호', '이사', '안전생활실천시민연합', '이정술', '사무총장', '현대차', '최원준', '부장', '2019년', '로보카폴리', '교통안전교실', '참가', '어린이', '촬영', '모습', '사진제공현대자동차현대자동차', '29일', '경기', '고양시', '킨텍스', '2019년', '로보카폴리', '교통안전교실', '시작', '31일', '올해', '7년', '맞이', '교통안전교실', '미취학', '어린이', '부모', '교통사고', '예방법', '무료', '교육', '체험형', '교육', '프로그램', '프로그램', '어린이들', '△승하차·사각지대', '전', '△보행·자전거', '전', '△신호등·표지판', '교육', '△횡단보', '체험', '△어두운', '날', '교통', '전', '로보카폴리', '캐릭터', '보이스', '활용', '스토리텔링', '방식', '구성', '차량', '내', '예방교육', '신설', '운전', '교육', '시뮬레이터', '체험', '로보카폴리', '교통안전교실', '고양3월29일4월7일', '시작', '서울5월26', '강릉', '6월', '2629일', '3개', '지역', '개최', '예정', '참가희망자', '키즈현대', '사이트', '사전예약', '행사', '당', '현장', '접수']"
52,3.0,0.9685999751091003,"경기, 서울모터쇼, 고양시, 2019, 일산, 현대차, 킨텍스, 현대자동차, 전시, 모델","['【서울뉴시스】현대차', '인기', '만화', '캐릭터', '로보카폴리', '활용', '교통안전교실', '어린이들', '전', '의식', '향상', '예방', '현대자동차www', '29일금', '경기', '고양시', '킨텍스', '현대차', '안전생활실천시민연합', '로이비쥬얼', '관계', '어린이', '100', '명', '2019년', '로보카폴리', '교통안전교실', '시작']"
53,3.0,0.9685999751091003,"경기, 서울모터쇼, 고양시, 2019, 일산, 현대차, 킨텍스, 현대자동차, 전시, 모델","['【서울뉴시스】현대차', '인기', '만화', '캐릭터', '로보카폴리', '활용', '교통안전교실', '어린이들', '전', '의식', '향상', '예방', '현대자동차www', '29일금', '경기', '고양시', '킨텍스', '현대차', '안전생활실천시민연합', '로이비쥬얼', '관계', '어린이', '100', '명', '2019년', '로보카폴리', '교통안전교실', '시작']"
54,4.0,0.975600004196167,"엔진, 미국, 현대차, 벨로스터, 모델, 화재, 문제, 차량, 결함, 기아차","['자율주행·커넥티비티', '연구소장獨부품사', '콘티넨탈', '출신', '임명', '현대모비스', '자율주행', '기술', '혁신', '인사', '순혈주의', '외국인', '연구센터장', '자리', '발탁', '확인', '인사·연구개발RD·조직', '분야', '과감', '혁신', '추진', '정의선', '현대자동차', '수석부회장', '오픈', '이노베이션개방형', '혁신', '계열사', '확산', '평가', '31일', '현대차그룹', '현대모비스', '자율주행', '기술', '개발', '담당', '정보통신기술ICT', '연구소', '올해', '초', '전기전자기술연구소', '확대', '개편', '연구소', '내', '초대', '자율주행개발센터장', '그레고리', '바라토프', '상무사진', '시스템개발센터장', '카르스텐', '바이스', '상무', '전격', '배치', '그룹', '관계자', '자율주행', '기술', '고도화하기', '현대모비스', '창립', '처음', '외국인', '양대', '센터장', '자리', '발탁', '결정', '혁신적', '연구', '성과', '도출', '순혈주', '인사', '혁파하겠다', '수석부회장', '인사', '혁신', '기조', '말', '바라토프', '신', '센터장', '세계적', '전장', '기업', '독', '콘티넨탈', '카메라', '센서', '개발', '총괄', '인물', '2017년', '현대모비스', '전격', '영입', '현대모비스', '지난해', '상반기', '콘티넨탈', '인포테인먼트·커넥티비티', '소프트웨어', '전문가', '활약', '바이스', '박사', '영입', '데', '성공', '자율주행·커넥티비티', '분야', '세계적', '인재', '확보', '성공', '현대모비스', '올해', '초', '양대', '연구센터', '전면', '배치', '연구', '성', '조', '확보', '총력', '실제', '회사', '기자간담회', '올해', '말', '차량', '보행자', '도로지형지물', '인식하', '영상', '식', '인공지능AI', '기술', '국내', '최초', '완성', '3년', '뒤', '양산', '예정', '자율주행차', '적용', '계획', '기술', '2022년', '양산', '자율주행차', '카메라', '센서', '적용', '예정', '바라토프', '센터장', '지휘', '기술', '분야', '연구소', '확대', '개편', '현대모비스', '국내', '객체', '식', '업체', '스트라드비젼', '중국', '얼굴', '식', '업체', '딥글린트', '혁신', '스타트업', '지분투자', '단행', '오픈', '이노베이션', '전략', '강화', '회사', '러시아', '최대', '인터넷', '기업', '얀덱스', '내년', '로보택시', '플랫폼', '공동', '개발', '협업', '진행']"
55,9.0,0.8237000107765198,"자동차, 개최, 협력, 인도, 관련, 모터쇼, ▲, 아이오닉, 현대자동차, 회장","['최고', '연비57', '8㎞L', '인정', '현대자동차', '아이오닉', '전기차', '현대차', '제공현대자동차', '아이오닉', '전기차', '당', '57', '8㎞', '기록', '미국', '2019년형', '모델들', '가운데', '공', '연비', '평가', '31일', '미국', '환경보호청EPA', '발표', '2019년형', '모델', '연료', '효율성', '가이드', '아이오닉', '일렉트릭', '136MPGe', '기록', '연료', '효율성', '전기차', '플러그', '하이브리드차', '연비전비', '단위', '휘발유', '1갤런3', '785L', '비용', '주행', '거리', '마일1', '609㎞', '단위', '표시', '휘발유', '1갤런', '33', '7㎾h', '환산', '아이오닉', '일렉트릭', '136MPGe', '국내', '단위', '적용', '휘발유', '1L', '비용', '57', '8㎞', '주행', '뜻', '아이오닉', '일렉트릭', '미국', '출시', '첫', '해', '2017년', '일본', '업체들', '최고', '연비', '기록', '이후', '올해', '1위', '수성', '테슬라', '모델3', '롱레인지', '모델', '130MPGe', '2위', '모델3', '미드레인지', '모델', '123MPGe', '3위', '올해', '2월', '미국', '판매', '시작', '현대차', '일렉트릭', '120MPGe', '4위', '기록', '쉐보레', '볼트', 'EV119MPGe', '폭스바겐', 'e골프119MPGe', '근소']"
56,2.0,0.9649999737739563,"미국, 현대카드, 국내, 현대자동차, 차량, 자동차, 전기차, 포인트, 완성차, 엔진","['현대자동차', '아이오닉', '전기차', '미국', '2019년형', '모델들', '가운데', '공', '연비', '평가', '31일', '미국', '환경보호청', '발표', '자료', '아이오닉', '일렉트릭', '136MPGe', '연료', '효율성', '휘발유', '1L', '57', '8㎞', '의미']"
57,10.0,0.9939000010490417,"차량, 엔진, 미국, 현대차, 자동차, 화재, 리콜, 벨로스터, 현대카드, 현대·기아차","['현대차005380', '미국', '엔진', '결함', '발견', '리콜', '미국', '소비자단체', '“빙산', '일각', '있다”며', '강력', '리콜', '요구', '현대차', '29일현지시간', '미국', '도로교통안전국NHTSA', '제출', '보고서', '미국·캐나다', '판매', '벨로스터', '엔진', '조', '점화', '문제', '발생', '2만여대', '리콜', '추진', '조', '점화', '과도한', '압력', '발생', '엔진', '손상', '엔진', '일부', '상황', '화재', '유발', '현대차', '설명', 'AP통신', '현대차', '미국법인', '리콜', '대상', '2013년', '생산', '벨로스터', '1', '6', '가솔린', '엔진', '해당', '현대차', '벨로스터', '차주', '지난해', '12월', '차량', '화재', '주장', '분석', '결과', '2012년', '4월', '2013년', '10월', '울산공장', '생산', '벨로스터', '엔진', '소프트웨어', '문제', '확', '한', '차량', '5월', '13일', '소프트웨어', '업데이트하', '리콜', '실시', '예정', '기아차000270', '미국법인', '북미', '지역', '판매', '기아차', '울산', '공장', '엔진', '탑재', '미국', '비영리', '소비자단체', '자동차안전센터CAS·Center', '현대·기아차', '화재', '엔진', '문제', '확산', '현대·기아차에', '차량', '화재', '리콜', '촉구', '제이슨', '르빈', '국장', '“이번', '리콜', '현대·기아차', '非충돌', '화재', '문제', '중', '빙산', '일각', '있다”고', '주장', '현대·기아차', '지난달', '미국', '전역', '차량', '화재', '지난달', '쏘울·투싼·스포티지', '3개', '차종', '50만여대', '추', '리콜했다', '2015년', '이후', '현대·기아차', '미국', '화재', '엔진', '결함', '리콜한', '차량', '240만대']"
58,5.0,0.9545000195503235,"현대차, 차량, 엔진, 교통안전, 교육, 교통안전교실, 국내, 로보카폴리, 어린이, 현대카드","['이광국', '현대차', '국내영업본부장', '부사장', '지난해', '6월7', '부산시', '해운대구', '벡스코', '2018', '부산국제모터쇼', '프레스데이', '참석', '출시', '예정', '벨로스터', '2018', '06', '07']"
59,4.0,0.9503999948501587,"엔진, 미국, 현대차, 벨로스터, 모델, 화재, 문제, 차량, 결함, 기아차","['현대자동차', '미국', '판매', '벨로스터', '엔진', '결함', '발견', '리콜', '현대차', '29일현지시간', '미국', '도로교통안전국NHTSA', '제출', '보고서', '미국', '지역', '판매', '벨로스터', '2만여대', '엔진', '조', '점화', '문제', '리콜', '추진', '현대차', '조', '점화', '과도한', '압력', '엔진', '손상', '엔진', '일부', '상황', '화재', '유발', '설명', 'AP통신', '엔진', '결함', '현대차', '기아차', '미국', '전역', '차량', '화재', '엔진', '결함', '리콜', '문제', '보도', 'AP통신', '현대차', '미국법인', '리콜', '2013년', '생산', '벨로스터', '1', '6', '가솔린', '엔진', '해당', '말', '현대차', '벨로스터', '차주', '지난해', '12월', '차량', '화재', '주장', '분석', '결과', '2012년', '4월', '2013년', '10월', '울산', '공장', '벨로스터', '엔진', '소프트웨어', '문제', '확인', '한편', '기아차', '미국법인', '북미', '지역', '판매', '기아차', '문제', '발생', '벨로스터', '엔진', '생산', '울산', '공장', '엔진', '탑재', '현대·기아차', '지난달', '미국', '전역', '차량', '화재', '지난달', '쏘울', '투싼', '스포티지', '3개', '차종', '50만여', '대', '추', '리콜하', '2015년', '이후', '지금', '미국', '화재', '엔진', '결함', '리콜한', '차량', '약', '240만대']"
60,3.0,0.9686999917030334,"경기, 서울모터쇼, 고양시, 2019, 일산, 현대차, 킨텍스, 현대자동차, 전시, 모델","['2019', '서울모터쇼', '미디어데이', '28', '경기', '고양시', '일산', '킨텍스KINTEX', '현대자동차', '부스', '하이브리드', '전시', '2019', '서울모터쇼', '지속가능', '지능화', '이동혁명Sustainable·Connected·Mobility', '주제', '29일', '4월', '7일', '10', '간', '경기', '고양시', '일산', '킨텍스', '개최']"
61,2.0,0.9725000262260437,"미국, 현대카드, 국내, 현대자동차, 차량, 자동차, 전기차, 포인트, 완성차, 엔진","['현대자동차', '28일', '오전', '경기', '고양시', '일산서구', '킨텍스', '2019', '서울', '모터쇼', '퍼포먼스', '카', '현대', '기아', '한국GM', '르노삼성', '쌍', '제네시스', '국내', '완성차', '6개사', '메르세데스벤츠', '수입', '자동차', '브랜드', '14사개', '완성차업체', '20곳', '참가', '서울모터쇼', '다음달', '7일']"
62,4.0,0.9943000078201294,"엔진, 미국, 현대차, 벨로스터, 모델, 화재, 문제, 차량, 결함, 기아차","['현대자동차', '아이오닉', '전기차', '미국', '2019년형', '모델들', '가운데', '공', '연비', '평가', '31일', '미국', '환경보호청EPA', '발표', '2019년형', '모델', '연료', '효율성', '가이드', '아이오닉', '일렉트릭', '136MPGe', '기록', '연료', '효율성', '전기차', '플러그', '하이브리드차PHEV', '연비전비', '휘발유', '1갤런3', '785ℓ', '비용', '주행', '거리', '마일1', '609㎞', '단위', '표시', '휘발유', '1갤런', '33', '7㎾h', '환산', '아이오닉', '일렉트릭', '136MPGe', '국내', '단위', '적용', '휘발유', '1ℓ', '비용', '57', '8㎞', '주행', '뜻', '테슬라', '모델3', '롱레인지', '모델', '130MPGe', '2위', '모델3', '미드레인지', '모델', '123MPGe', '3위', '올해', '2월', '미국', '판매', '시작', '현대차', '일렉트릭', '120MPGe', '4위', '기록', '쉐보레', '볼트', 'EV119MPGe', '폭스바겐', 'e골프119MPGe', '근소한', '차이', '별도', '집계', '하이브리드', '모델', '연비', '순위', '아이오닉', '하이브리드', '블루연비', '강화형', '모델', '58MPG', '기록', '1위', '도요타', '프리우스', '에코', '56MPG', '2위', '아이오닉', '하이브리드일반', '모델', '55MPG', '3위', '혼다', '인사이트', '도요타', '캠리', '하이브리드', '도요타', '프리우스', '3종', '52MPG', '공동', '4위', '기아차', '니로', '하이브리드', '50MPG', '5위', '2018년', '자동차', '트렌드', '보고서', '미국', '출시', '차종', '브랜드별', '평균', '연비', '계산', '결과', '현대차', '28', '6MPG', '3위', '기록', '1위', '혼다', '29', '4MPG였으', '마쓰다', '29', '0MPG', '2위', '기아차', '27', '2MPG', '현대차', '스바루28', '5MPG', '5위', '기록']"
63,8.0,0.9914000034332275,"군산공장, 모델, 현대카드, 한국GM, 전기차, 기록, 국내, 컨소시엄, 엠에스오토텍, 현대차","['미국', '2019년형', '모델', '가운데', '현대자동차', '아이오닉', '전기차', '공인연비', '1위', '기록', '31일', '미국', '환경보호청EPA', '발표', '연료', '효율성', '가이드', '아이오닉', '일렉트릭', '136MPGe', '기록', '테슬라', '모델3', '롱레인지', '모델', '2017년', '1위', '유', '전기차', '플러그', '하이브리드차', '연비', '단위', '휘발유', '1갤런3', '785ℓ', '비용', '주행', '거리', '마일1', '609㎞', '단위', '표시', '미국환경보호청', '휘발유', '1갤런', '33', '7㎾h', '환산', '아이오닉', '일렉트릭', '136MPGe', '국내', '적용', '휘발유', '1ℓ', '비용', '57', '8㎞', '주행', '거', '의미', '연비', '2위', '130MPGe', '기록', '테슬라', '모델3', '롱레인지', '모델', '3위', '미드레', '모델', '현대차', '일렉트릭', '120MPGe', '4위', '기록', '쉐보레', '볼트', 'EV119MPGe', '폭스바겐', 'e골프119MPGe', '하이브리드', '모델', '연비', '순위', '아이오닉', '하이브리드', '블루', '58MPG', '기록', '1위', '도요타', '프리우스', '에코', '56MPG', '2위', '아이오닉', '하이브리드', '일반', '모델', '55MPG', '3위', '차지']"
64,2.0,0.9649999737739563,"미국, 현대카드, 국내, 현대자동차, 차량, 자동차, 전기차, 포인트, 완성차, 엔진","['현대자동차', '아이오닉', '전기차', '미국', '2019년형', '모델들', '가운데', '공', '연비', '평가', '31일', '미국', '환경보호청', '발표', '자료', '아이오닉', '일렉트릭', '136MPGe', '연료', '효율성', '휘발유', '1L', '57', '8㎞', '의미']"
65,3.0,0.9686999917030334,"경기, 서울모터쇼, 고양시, 2019, 일산, 현대차, 킨텍스, 현대자동차, 전시, 모델","['2019', '서울모터쇼', '미디어데이', '28', '경기', '고양시', '일산', '킨텍스KINTEX', '현대자동차', '부스', '하이브리드', '전시', '2019', '서울모터쇼', '지속가능', '지능화', '이동혁명Sustainable·Connected·Mobility', '주제', '29일', '4월', '7일', '10', '간', '경기', '고양시', '일산', '킨텍스', '개최']"
66,3.0,0.9686999917030334,"경기, 서울모터쇼, 고양시, 2019, 일산, 현대차, 킨텍스, 현대자동차, 전시, 모델","['2019', '서울모터쇼', '미디어데이', '28', '경기', '고양시', '일산', '킨텍스KINTEX', '현대자동차', '부스', '터보', '전시', '2019', '서울모터쇼', '지속가능', '지능화', '이동혁명Sustainable·Connected·Mobility', '주제', '29일', '4월', '7일', '10', '간', '경기', '고양시', '일산', '킨텍스', '개최']"
67,4.0,0.9853000044822693,"엔진, 미국, 현대차, 벨로스터, 모델, 화재, 문제, 차량, 결함, 기아차","['현대자동차', '북미시장', '벨로스터', '약', '2만대', '리콜', '엔진', '결함', '발견', '30', '투데이', '현대차', '29일현지시간', '미국', '도로교통안전국', '제출', '보고서', '미국', '캐나다', '판매', '약', '2만대', '벨로스터', '리콜하기', '리콜', '대상', '1', '6리터', '가솔린', '엔진', '탑재', '2013년', '모델', '해당', '모델', '엔진', '조', '점화', '문제', '발견', '엔진', '과도한', '압력', '손상', '경우', '엔진', '화재', '유발', '한편', '기아차', '미국법', '관계자', '벨로스터', '엔진', '제조', '공장', '생산', '엔진', '기아차', '탑재', '말']"
68,4.0,0.982200026512146,"엔진, 미국, 현대차, 벨로스터, 모델, 화재, 문제, 차량, 결함, 기아차","['사진뉴시스현대자동차', '북미시장', '엔진결함', '발견', '벨로스터', '2만여대', '리콜한다', '미국', '도로교통안전국NHTSA', '29일현지시간', '현대차', '2013년형', '벨로스터', '1', '6ℓ', '가솔린', '모델', '결함', '경고', '해당', '모델', '엔진', '내', '실런더', '연료', '조', '점화', '과도한', '압력', '발생', '차량', '정지', '화재', '현대차', '미주법인', '2013년형', '벨로스터', '1600cc', '엔진', '탑재한', '차량', '리콜', '현대차', '엔진', '발견', '결함', '문제', '소프트웨어', '문제', '설명']"
69,3.0,0.9707000255584717,"경기, 서울모터쇼, 고양시, 2019, 일산, 현대차, 킨텍스, 현대자동차, 전시, 모델","['2019', '서울모터쇼', '미디어데이', '28', '경기', '고양시', '일산', '킨텍스KINTEX', '현대자동차', '부스', '고성능', '콘셉트카', '퍼포먼스', '전시', '2019', '서울모터쇼', '지속가능', '지능화', '이동혁명Sustainable·Connected·Mobility', '주제', '29일', '4월', '7일', '10', '간', '경기', '고양시', '일산', '킨텍스', '개최']"
70,1.0,0.9990000128746033,"현대카드, 포인트, 디자인, 혜택, 카드, 사용, 제공, 서비스, 차량, 구매","['5월', '24', '현대카드', '이날', '코스트코코리아이하', '코스트코', '중요', '변화', '시작', '1998년', '한국', '진출', '뒤', '삼성카드', '파트너십', '유', '코스트코', '5월', '23일부', '삼성카드', '파트너십', '종료', '파트너', '현대카드', '현대카드', '카드사들', '결', '혜택', '서비스', '선사', '유명', '현대카드', '코스트코', '회원들', '현대카드', '대표적', '혜택', '특징', '소개', '28일', '◇650만', '고객', '선택', '포인트현대카드', '포인트', '국내', '활발', '사용', '신용카드', '포인트', '현대카드M', '계열', '카드', '프리미엄', '카드', '사용', '적립', '포인트', '사용처', '이용실적', '결제금액', '0', '54', '적립', '포인트', '자동차', '구매', '외식', '쇼핑', '문화레저', '다양한', '영역', '3만7000', '가맹점', '사용', '가능', '포인트', '적립율', '다양한', '사용처', '바탕', '포인트', '이용', '고객', '약', '650', '명', '연간', '포인트', '사용률연간', '포인트', '사용액포인트', '적립액', '94', '육박', '포인트', '사용처', '세부적', '차량', '관련', '혜택', '눈', '현대·기아차', '구매', '경우', '5년', '최대', '200', '원1원1M포인트까지', '차량', '구매대금', '결제', '포인트', '사용', '현대·기아차', '차량', '정비', '주유GS칼텍스', '시', '활용', '가능', '일상생활', '속', '사용처', '다양', '현대카드', '빕스', '투썸플레이스', '파리바게뜨', '25개', '외식', '카페', '베이커', '브랜드', '이용금액', '2030', '포인트', '결제', '서비스', '제공', '이마트', '신라면세점', '26개', '편의쇼핑', '영역', '최고', '20', '결제', '혜택', '국내', '주요', '놀이공원', '워터파크', '호텔', '극장', '보험금융', '가맹점', '최고', '50', '다채로운', '포인트', '이용', '혜택', '포인트', '기프트카드', '항공마', '리', '제휴사', '상품권할인권', '교환', '활용', '자선단체', '기부', '가능', '경우', '별도', '교환률', '적용', '현대카드', '상시', '사용처', '이외', '시기적', '특성', '반영해', '다양한', '특화', '혜택', '제공', '포인트', '이벤트', '진행', '중', '◇강력하', '다양', '자동차', '구매', '혜택', '차', '계획', '코스트코', '고객', '현대카드', '차량구매', '혜택', '주목', '현대카드', '현대자동차그룹', '소속사', '현대·기아차', '경제적', '구매', '다양한', '혜택', '제공', '때문', '5년', '최대', '200', '원', '적립', '포인트', '차량', '구매대금', '결제할', '포인트', '부족', '세이브오토', '프로그램', '포인트', '지급', '차량', '구매', '활용도', '가능', '프로그램', '이용', '차종', '최대', '50', '원', '포인트', '지급', '사용', '36개월', '안', '카드', '사용', '적립', '포인트', '상환', '차량', '구매', '결제', '시', '적립', '포인트', '10', '포인트', '일시', '상환', '가능', '상환', '포인트', '적립율', '기본', '1', '5', '포인트', '상환', '부담', '2년', '안', '차', '확실', '계획', '사람', '신차구매통장', '프로그램', '활용', '프로그램', '신청', '보유', '포인트', '2', '연간', '최대', '24', '포인트', '40', '포인트', '보유', '회원', '카드', '사용', '평균', '2', '포인트', '적립', '경우', '서비스', '신청', '달', '42', '포인트', '2', '8400포인트', '달', '44만점', '2', '8800포인트', '적립', '신차구매통장', '포인트', '현대·기아차', '신차', '구매', '사용', '차량', '구매', '유지관리', '재구', '다양', '혜택', '누리', '현대·기아차', '전용카드', '추천', '전용카드', '차종', '현대블루멤버스카드', '기아레드멤버스카드', '기아레드멤버스', '경차전용카드', '차', '전용카드', '결제하', '최대', '2', '포인트', '0', '6', '블루멤버스포인트', '적립', '차', '동', '한', '혜택', '적립', '두', '포인트', '차량', '구매', '시', '활용', '가능', '밖', '차량', '정비', '주유', '시', '할', '포인트', '사용', '혜택', '제공', '◇말뿐', '손안', '디지털', '현대카드Digital', '현대카드', '선언', '디지털', '기업', '근본적', '변신', '현대카드', '디지털', '서비스', '측면', '기업들', '분명', '차별화', '핵심', '실용성', '현대카드', '고객', '사용', '효용', '체감', '손안', '디지털', '표방', '현대카드', '첫', '서비스', '락Lock', '리밋Limit이다', '락', '고객', '현대카드', '앱', '카드', '사용처', '자유', '설정', '서비스', '온오프라', '결제', '현금서비스', '제한', '안전', '카드', '생활', '리밋', '카드', '사용금액', '한도', '설정', '서비스', '계획적', '카드', '사용', '도움', '신용카드', '전', '편리', '사용', '가상카드번호', '페이샷Payshot', '서비스', '이용', '가상카드번호', '카드', '정보', '유출', '대비해', '실제', '카드번호', '대', '고객', '별도', '생성', '가상', '카드번호', '사용', '서비스', '페이샷', '활용', '현대카드', '제휴', '16개', '주요', '온라인', '쇼핑몰', '쇼핑몰', '로그인만', '별도', '카드', '정보', '입력', '간편결제서비스', '사용', '고객들', '장', '카드', '장', '카드', '혜택', '이용', '현대카드', '카멜레온', '실시간', '상담서비스', '제공', '중', '인공지능AI', '챗봇', '현대카드', '버디Buddy', '활용', '은행', '110', '수준', '수수료', '간편', '외화', '송금', '현대카드', '해외송금', '서비스', '가족', '해외', '고객들', '중심', '인기', '◇현대카드', '회원만', '문화특권', '대한민국', '문화마케팅', '지형', '평', '현대카드', '문화마케팅', '역량', '정평', '세계적', '뮤지션', '내한공연', '소문', '현대카드', '문의', '쇄도', '정도', '2007년', '시작', '현대카드', '슈퍼콘서트', '팝', '전설', '비틀즈', '폴', '매카트니', '필두', '콜드플레이', '비욘세', '에미넴', '국내', '음악팬들', '세계적', '뮤지션들', '무대', '지속적', '우리나라', '대표', '공연', '브랜드', '자리', '현대카드', '만족', '현대카드', '컬처프로젝트', '연극', '미술', '무용', '축', '다양한', '분야', '활동', '영역', '확대', '현대카드', '인기', '문화', '이벤트', '개최', '현대카드', '소지자들', '2030', '할', '혜택', '제공', '현대카드', '고객', '입장', '상품', '탑재', '혜택', '수시', '진행', '문화', '이벤트', '할', '서비스', '사실상', '11', '혜택', '현대카드', '회원', '특별', '문화공간', '주목', '분주한', '일상', '책', '여유', '감성', '충전', '곳', '현대카드', '라이브러리', '2013년', '디지털', '현대카드', '아날로그적', '몰입', '영감', '추구', '디자인', '라이브러리', '이후', '트래블', '라이브러리', '라이브러리', '자체', '개념', '여행지', '변화', '뮤직', '라이브러리', '바이닐LP', '음악', '경험', '방식', '제안', '아날로그', '경험', '폭', '청각', '확장', '나중', '문', '쿠킹', '라이브러리', '음식', '요리', '책', '음식', '요리', '총체적', '경험', '공간', '인기', '현대카드', '회원', '라이브러리', '무료', '출입', '◇남다른', '라이프스타일', '선사합니다현대카드', '카드업계', '차별화', '마케팅', '주목', '기업', '라이프스타일', '적극적', '호평', '대표적', '현대카드', '고메위크다', '2006년', '첫', '선', '현대카드', '고메위크', '1주', '간', '플래티넘', '회원들', '국내', '유명', '레스토랑', '대표', '메뉴', '반값', '기회', '제공', '평소', '가격', '부담', '만만치', '프리미엄', '레스토랑', '식사', '경제적', '소식', '고객들', '이벤트', '참가', '시작', '현재', '회당', '명', '참가', '우리나라', '대표', '레스토랑', '이벤트', '자리', '현대카드', '고메위크', '호텔스테이', '일반화', '트렌드', '최고급', '5성급', '호텔', '하루', '40', '할인', '가격', '현대카드', '호텔위크', '프로그램', '운영', '중', '외식', '이벤트', '국내', '최정상', '셰프', '레스토랑', '최상', '미식', '제공', '현대카드', '파인다이닝위크', '확대', '진화', '현대카드', '일상', '한층', '업그레이드', '현대카드', '플래티넘', '회원들', '엄선', '고메', '패션', '호텔', '레저', '영역', '차별화', '클럽서비스', '제공', '현대카드', '서울', '부산', '핫플레이스', '위치한', '150', '개', '프리미엄', '레스토랑', '비롯', '남성', '편집', '매장', '전문', '테일러샵', '상시', '할', '혜택', '제공', '국내', '주요', '특급', '호텔', '객실', '특별', '우대', '음식', '음료', '서비스', '제공', '여행', '코스트코', '고객', '현대카드', '프리비아', '다채로운', '항공권', '여행상품', '할', '혜택', '◇플레이트부터', '디자인', '현대카드2000년대', '초반', '현대카드', '파격적', '디자인', '전', '디자인', '주목', '국내', '카드사', '재질', '골드카드', '금색', '실버카드', '은색', '현대카드', '천편일률적', '카드', '디자인', '혁신', '기운', '카드', '재질', '고정관념', '미니카드', '투명카드', '카드', '옆면', '색깔', '지갑', '눈길', '일반적', '플라스틱', '플레이트', '탈피', '티타늄', '리퀴드', '메탈', '코팔', '신소재', '금속', '플레이트', '현대카드', '파격', '층', '중심', '현대카드', '디자인', '마니아들', '시작', '디자인', '마음', '현대카드', '선택', '현대카드', '파격적', '세로형', '플레이트', '구성', '일반적', '가로형', '대', '스마트폰', '태블릿처럼', '세로형', '디스플레이', '방식', '주류', '디지털', '시대', '전면', '세로형', '디자인', '적용', '중', '일부', '상품', '부분적', '세로형', '디자인', '적용', '사례', '전체', '상품', '세', '디자인', '전면', '적용', '전', '세계', '최초', '프리미엄', '상품들', '세로형', '플레이트', '카드번호', '제휴사', '로고', '카드정보', '뒷면', '배치', '앞면', '고유', '상품', '컬러', '단색', '강렬', '적용', '현대카드', '대표', '상품', '라인', '현대카드M', '계열', '카드', '경쾌', '이지적', '블루', '톤', '현대카드X', '계열', '카드', '블루', '대비', '오렌지', '컬러', '적용', '디지털', '시대', '힙한', '감성', '표출']"
71,2.0,0.9725000262260437,"미국, 현대카드, 국내, 현대자동차, 차량, 자동차, 전기차, 포인트, 완성차, 엔진","['현대자동차', '28일', '오전', '경기', '고양시', '일산서구', '킨텍스', '2019', '서울', '모터쇼', '퍼포먼스', '카', '현대', '기아', '한국GM', '르노삼성', '쌍', '제네시스', '국내', '완성차', '6개사', '메르세데스벤츠', '수입', '자동차', '브랜드', '14사개', '완성차업체', '20곳', '참가', '서울모터쇼', '다음달', '7일']"
72,0.0,0.9965999722480774,"차량, 자동차, 모델, 현대카드, 기술, 솔루션, 엔진, 가솔린, 플라스틱, 국내","['자동차', '업계', '영원', '고민', '과제', '튼튼', '차', '길', '첨단화학', '기술', '자리', '마련', '업계', '주목', '한국다우케미칼', '28일', '현대기아자동차', '남양연구소', '현대기아자동차', '연구원', '임직원', '대상', '한국다우케미칼', '테크쇼', '개최', '테크쇼', '한국다우케미칼', '자동차', '혁신', '첨단화', '자사', '독자적', '신기술', '신제품', '공개', '참석자들', '호응', '이날', '행사', '다우케미칼', '캔드라', '밤방Candra', '아시아태평양', '지역', '포장', '특수', '플라스틱', '영업', '총괄', '부사장', '야오', '웨이구앙', '아시아태평양', '지역', '최고', '기술', '책임자', '겸', '전기자동차', '글로벌', '마케팅', '디렉터', '유우종', '한국다우케미칼', '대표이사', '그룹', '고위층', '참석', '한국다우케미칼', '이날', '테크쇼', '▷폴리우레탄', '컨슈머', '솔루션', '▷포장', '특수', '플라스틱', '▷산업', '솔루션', '▷코팅', '5개', '사업부', '27개', '기술', '솔루션', '사업부별', '8건', '세미나', '개최', '심층적', '기술', '설명', '질의응답', '마련', '테크쇼', '제품', '중', '폴리우레탄', '사업부', '차체용', '상온경화', '폴리우레탄', '폼', '베타폼BETAFOAM', '주목', '베타폼', '메르세데스', '벤츠', '유럽', '고급', '브랜드', '차량', '적용', '제품', '차체', '프레', '내', '공간', '폴리우레탄', '폼', '주입', '후', '상온경화', '가능', '공정시간', '차량', '생산비용', '절감', '베타폼', '주행', '중', '발생', '소음', '진동', '안락', '주행', '환경', '제공', '어쿠스틱형', '내구성', '강화', '초점', '구조형', '컨슈머', '솔루션', '사업부', '자동차', '전장', '배터리팩', '실리콘', '방열재료', '방열', '갭필러', '다우', 'TC4535', '제품', '자동차', '전자부품', '가공성', '개선', '효율적', '열', '관리', '지원', '솔루션', '자동차', '내부', '복잡', '장치', '안정적', '작동', '성능', '제공', '기존', '제품', '열전도율', '30', '향상', '열원', '냉판으로', '분산성', '마모성', '감소', '특징', '포장', '특수', '플라스틱', '사업부', '차세대', '폴리올레핀엘라스토머POE', '시리즈', '차량', '경량화', '효율적', '제품', '주목', '시리즈', '견고한', '플라스틱', '소재', '기존', '플라스틱', '소재', '선팽창계수', '테일게이트', '보디패널', '휀더', '사용', '메탈', '소재', '대체', '차량', '경량화', '외장', '패널', '간', '차', '공기', '저항', '감소', '차량', '경량화', '강도', '연비', '절감', '유우종', '한국다우케미칼', '대표이사', '“자동차', '산업', '발전', '고객', '혁신적', '획기적', '기술', '필요', '있다”며', '“한국다우케미칼', '테크쇼', '고객', '니즈', '충족', '보유', '첨단', '기술', '솔루션', '이해', '효율적', '전달하기', '마련', '행사”라', '유', '대표', '“이번', '한국다우케미칼', '테크쇼', '계기', '자동차', '산업', '고객들', '혁신', '기대한다”고', '말']"
73,6.0,0.994700014591217,"현대카드, 모델, 자동차, 포인트, 아이오닉, 현대차, 전, 교육, 차량, 어린이","['한국', '소비자들', '중요', '패밀리카', '핵심요소', '현대차', '중점', '부분', '교집합', '폭발력', '셈', '실내', '광활', '정갈', '나무', '감', '내장재', '고급', '가로', '센터페시아', '디자인', '시각적', '안정감', '말끔', '하이그로시', '소재', '통일', '마감', '조작감', '공조조절', '버튼들', '팰리세이드란', '환경', '모습', '공간', '스피커', '구분감', '뚜렷', '스피커', '분산', '배치', '센터페시아', '모니터', '탑재', '후석', '취침모드', '장점', '극대화', '1열', '3열', '무릎', '공간', '충분', '열', '배치', '컵홀더', '송풍구', '미니밴', '활용성', '2', '2', '디젤엔진', '최대출력', '202마력', '최대토크', '45', '0kgm', '성능', '실내', '디자인', '가로', '대시보드', '라인', '인상적', '나무', '감', '소재', '고급감', '정찬수', '기자andy', '부분', '운전석', '차', '운전대', '조향감', '인체공학적', '사선', '배치', '전자식', '변속버튼', '적응', '필요', '운전', '중', '오른손', '무색', '정도', '글자', '투영', '어색', '본질', '주행모드', '주행모드', '컴포트', '에코', '스포츠', '스마트', '외', '스노우Snow', '머드Mud', '샌드Sand', '험로주행', '모드', '기술적', '서스펜션', '세팅', '차이', '본질', '차이', '뚜렷', '의외', '대책', '기대', '노면소음', '풍절음', '효과적', '억제', '엔진음', '진동', '싼타페', '비슷', '수준', '스포츠', '모드', '가속페달', '위화감', '2', '2', '디젤', '엔진', '최대출력', '202마력', '최대토크', '45', '0kgm', '성능', '일상', '영역', '부족', '덩치', '아쉬움', '첨단사양', '기본', '방향지시등', '계기반', '후측면', '카메라', '화면', '2열', '탑승객', '1열', '시트', '트렁크', '활용도', '넓이', '폴딩', '기능', '버튼', '제공', '점', '이채']"
74,1.0,0.9990000128746033,"현대카드, 포인트, 디자인, 혜택, 카드, 사용, 제공, 서비스, 차량, 구매","['5월', '24', '현대카드', '이날', '코스트코코리아이하', '코스트코', '중요', '변화', '시작', '1998년', '한국', '진출', '뒤', '삼성카드', '파트너십', '유', '코스트코', '5월', '23일부', '삼성카드', '파트너십', '종료', '파트너', '현대카드', '현대카드', '카드사들', '결', '혜택', '서비스', '선사', '유명', '현대카드', '코스트코', '회원들', '현대카드', '대표적', '혜택', '특징', '소개', '28일', '◇650만', '고객', '선택', '포인트현대카드', '포인트', '국내', '활발', '사용', '신용카드', '포인트', '현대카드M', '계열', '카드', '프리미엄', '카드', '사용', '적립', '포인트', '사용처', '이용실적', '결제금액', '0', '54', '적립', '포인트', '자동차', '구매', '외식', '쇼핑', '문화레저', '다양한', '영역', '3만7000', '가맹점', '사용', '가능', '포인트', '적립율', '다양한', '사용처', '바탕', '포인트', '이용', '고객', '약', '650', '명', '연간', '포인트', '사용률연간', '포인트', '사용액포인트', '적립액', '94', '육박', '포인트', '사용처', '세부적', '차량', '관련', '혜택', '눈', '현대·기아차', '구매', '경우', '5년', '최대', '200', '원1원1M포인트까지', '차량', '구매대금', '결제', '포인트', '사용', '현대·기아차', '차량', '정비', '주유GS칼텍스', '시', '활용', '가능', '일상생활', '속', '사용처', '다양', '현대카드', '빕스', '투썸플레이스', '파리바게뜨', '25개', '외식', '카페', '베이커', '브랜드', '이용금액', '2030', '포인트', '결제', '서비스', '제공', '이마트', '신라면세점', '26개', '편의쇼핑', '영역', '최고', '20', '결제', '혜택', '국내', '주요', '놀이공원', '워터파크', '호텔', '극장', '보험금융', '가맹점', '최고', '50', '다채로운', '포인트', '이용', '혜택', '포인트', '기프트카드', '항공마', '리', '제휴사', '상품권할인권', '교환', '활용', '자선단체', '기부', '가능', '경우', '별도', '교환률', '적용', '현대카드', '상시', '사용처', '이외', '시기적', '특성', '반영해', '다양한', '특화', '혜택', '제공', '포인트', '이벤트', '진행', '중', '◇강력하', '다양', '자동차', '구매', '혜택', '차', '계획', '코스트코', '고객', '현대카드', '차량구매', '혜택', '주목', '현대카드', '현대자동차그룹', '소속사', '현대·기아차', '경제적', '구매', '다양한', '혜택', '제공', '때문', '5년', '최대', '200', '원', '적립', '포인트', '차량', '구매대금', '결제할', '포인트', '부족', '세이브오토', '프로그램', '포인트', '지급', '차량', '구매', '활용도', '가능', '프로그램', '이용', '차종', '최대', '50', '원', '포인트', '지급', '사용', '36개월', '안', '카드', '사용', '적립', '포인트', '상환', '차량', '구매', '결제', '시', '적립', '포인트', '10', '포인트', '일시', '상환', '가능', '상환', '포인트', '적립율', '기본', '1', '5', '포인트', '상환', '부담', '2년', '안', '차', '확실', '계획', '사람', '신차구매통장', '프로그램', '활용', '프로그램', '신청', '보유', '포인트', '2', '연간', '최대', '24', '포인트', '40', '포인트', '보유', '회원', '카드', '사용', '평균', '2', '포인트', '적립', '경우', '서비스', '신청', '달', '42', '포인트', '2', '8400포인트', '달', '44만점', '2', '8800포인트', '적립', '신차구매통장', '포인트', '현대·기아차', '신차', '구매', '사용', '차량', '구매', '유지관리', '재구', '다양', '혜택', '누리', '현대·기아차', '전용카드', '추천', '전용카드', '차종', '현대블루멤버스카드', '기아레드멤버스카드', '기아레드멤버스', '경차전용카드', '차', '전용카드', '결제하', '최대', '2', '포인트', '0', '6', '블루멤버스포인트', '적립', '차', '동', '한', '혜택', '적립', '두', '포인트', '차량', '구매', '시', '활용', '가능', '밖', '차량', '정비', '주유', '시', '할', '포인트', '사용', '혜택', '제공', '◇말뿐', '손안', '디지털', '현대카드Digital', '현대카드', '선언', '디지털', '기업', '근본적', '변신', '현대카드', '디지털', '서비스', '측면', '기업들', '분명', '차별화', '핵심', '실용성', '현대카드', '고객', '사용', '효용', '체감', '손안', '디지털', '표방', '현대카드', '첫', '서비스', '락Lock', '리밋Limit이다', '락', '고객', '현대카드', '앱', '카드', '사용처', '자유', '설정', '서비스', '온오프라', '결제', '현금서비스', '제한', '안전', '카드', '생활', '리밋', '카드', '사용금액', '한도', '설정', '서비스', '계획적', '카드', '사용', '도움', '신용카드', '전', '편리', '사용', '가상카드번호', '페이샷Payshot', '서비스', '이용', '가상카드번호', '카드', '정보', '유출', '대비해', '실제', '카드번호', '대', '고객', '별도', '생성', '가상', '카드번호', '사용', '서비스', '페이샷', '활용', '현대카드', '제휴', '16개', '주요', '온라인', '쇼핑몰', '쇼핑몰', '로그인만', '별도', '카드', '정보', '입력', '간편결제서비스', '사용', '고객들', '장', '카드', '장', '카드', '혜택', '이용', '현대카드', '카멜레온', '실시간', '상담서비스', '제공', '중', '인공지능AI', '챗봇', '현대카드', '버디Buddy', '활용', '은행', '110', '수준', '수수료', '간편', '외화', '송금', '현대카드', '해외송금', '서비스', '가족', '해외', '고객들', '중심', '인기', '◇현대카드', '회원만', '문화특권', '대한민국', '문화마케팅', '지형', '평', '현대카드', '문화마케팅', '역량', '정평', '세계적', '뮤지션', '내한공연', '소문', '현대카드', '문의', '쇄도', '정도', '2007년', '시작', '현대카드', '슈퍼콘서트', '팝', '전설', '비틀즈', '폴', '매카트니', '필두', '콜드플레이', '비욘세', '에미넴', '국내', '음악팬들', '세계적', '뮤지션들', '무대', '지속적', '우리나라', '대표', '공연', '브랜드', '자리', '현대카드', '만족', '현대카드', '컬처프로젝트', '연극', '미술', '무용', '축', '다양한', '분야', '활동', '영역', '확대', '현대카드', '인기', '문화', '이벤트', '개최', '현대카드', '소지자들', '2030', '할', '혜택', '제공', '현대카드', '고객', '입장', '상품', '탑재', '혜택', '수시', '진행', '문화', '이벤트', '할', '서비스', '사실상', '11', '혜택', '현대카드', '회원', '특별', '문화공간', '주목', '분주한', '일상', '책', '여유', '감성', '충전', '곳', '현대카드', '라이브러리', '2013년', '디지털', '현대카드', '아날로그적', '몰입', '영감', '추구', '디자인', '라이브러리', '이후', '트래블', '라이브러리', '라이브러리', '자체', '개념', '여행지', '변화', '뮤직', '라이브러리', '바이닐LP', '음악', '경험', '방식', '제안', '아날로그', '경험', '폭', '청각', '확장', '나중', '문', '쿠킹', '라이브러리', '음식', '요리', '책', '음식', '요리', '총체적', '경험', '공간', '인기', '현대카드', '회원', '라이브러리', '무료', '출입', '◇남다른', '라이프스타일', '선사합니다현대카드', '카드업계', '차별화', '마케팅', '주목', '기업', '라이프스타일', '적극적', '호평', '대표적', '현대카드', '고메위크다', '2006년', '첫', '선', '현대카드', '고메위크', '1주', '간', '플래티넘', '회원들', '국내', '유명', '레스토랑', '대표', '메뉴', '반값', '기회', '제공', '평소', '가격', '부담', '만만치', '프리미엄', '레스토랑', '식사', '경제적', '소식', '고객들', '이벤트', '참가', '시작', '현재', '회당', '명', '참가', '우리나라', '대표', '레스토랑', '이벤트', '자리', '현대카드', '고메위크', '호텔스테이', '일반화', '트렌드', '최고급', '5성급', '호텔', '하루', '40', '할인', '가격', '현대카드', '호텔위크', '프로그램', '운영', '중', '외식', '이벤트', '국내', '최정상', '셰프', '레스토랑', '최상', '미식', '제공', '현대카드', '파인다이닝위크', '확대', '진화', '현대카드', '일상', '한층', '업그레이드', '현대카드', '플래티넘', '회원들', '엄선', '고메', '패션', '호텔', '레저', '영역', '차별화', '클럽서비스', '제공', '현대카드', '서울', '부산', '핫플레이스', '위치한', '150', '개', '프리미엄', '레스토랑', '비롯', '남성', '편집', '매장', '전문', '테일러샵', '상시', '할', '혜택', '제공', '국내', '주요', '특급', '호텔', '객실', '특별', '우대', '음식', '음료', '서비스', '제공', '여행', '코스트코', '고객', '현대카드', '프리비아', '다채로운', '항공권', '여행상품', '할', '혜택', '◇플레이트부터', '디자인', '현대카드2000년대', '초반', '현대카드', '파격적', '디자인', '전', '디자인', '주목', '국내', '카드사', '재질', '골드카드', '금색', '실버카드', '은색', '현대카드', '천편일률적', '카드', '디자인', '혁신', '기운', '카드', '재질', '고정관념', '미니카드', '투명카드', '카드', '옆면', '색깔', '지갑', '눈길', '일반적', '플라스틱', '플레이트', '탈피', '티타늄', '리퀴드', '메탈', '코팔', '신소재', '금속', '플레이트', '현대카드', '파격', '층', '중심', '현대카드', '디자인', '마니아들', '시작', '디자인', '마음', '현대카드', '선택', '현대카드', '파격적', '세로형', '플레이트', '구성', '일반적', '가로형', '대', '스마트폰', '태블릿처럼', '세로형', '디스플레이', '방식', '주류', '디지털', '시대', '전면', '세로형', '디자인', '적용', '중', '일부', '상품', '부분적', '세로형', '디자인', '적용', '사례', '전체', '상품', '세', '디자인', '전면', '적용', '전', '세계', '최초', '프리미엄', '상품들', '세로형', '플레이트', '카드번호', '제휴사', '로고', '카드정보', '뒷면', '배치', '앞면', '고유', '상품', '컬러', '단색', '강렬', '적용', '현대카드', '대표', '상품', '라인', '현대카드M', '계열', '카드', '경쾌', '이지적', '블루', '톤', '현대카드X', '계열', '카드', '블루', '대비', '오렌지', '컬러', '적용', '디지털', '시대', '힙한', '감성', '표출']"
